2026-09-12 11:39:41 [scrapy.utils.log] INFO: Scrapy 2.17.0 started (bot: scrapper)
2026-09-12 11:39:41 [scrapy.utils.log] INFO: Versions:
{'lxml': '6.1.1',
 'libxml2': '2.11.9',
 'cssselect': '1.4.0',
 'parsel': '1.11.0',
 'w3lib': '2.4.1',
 'Twisted': '26.4.0',
 'Python': '3.14.3 (tags/v3.14.3:323c59a, Feb  3 2026, 16:04:56) [MSC v.1944 '
           '64 bit (AMD64)]',
 'pyOpenSSL': '26.3.0 (OpenSSL 4.0.1 9 Jun 2026)',
 'cryptography': '49.0.0',
 'Platform': 'Windows-11-10.0.26200-SP0'}
2026-09-12 11:39:41 [scrapy.crawler] DEBUG: Using AsyncCrawlerProcess
2026-09-12 11:39:41 [asyncio] DEBUG: Using selector: SelectSelector
2026-09-12 11:39:41 [scrapy.addons] INFO: Enabled addons:
[]
2026-09-12 11:39:41 [scrapy.utils.log] DEBUG: Using reactor: twisted.internet.asyncioreactor.AsyncioSelectorReactor
2026-09-12 11:39:41 [scrapy.utils.log] DEBUG: Using asyncio event loop: asyncio.windows_events._WindowsSelectorEventLoop
2026-09-12 11:39:41 [scrapy.extensions.telnet] INFO: Telnet Password: 6bcef52f9c38864b
2026-09-12 11:39:41 [scrapy.middleware] INFO: Enabled extensions:
['scrapy.extensions.corestats.CoreStats',
 'scrapy.extensions.logcount.LogCount',
 'scrapy.extensions.telnet.TelnetConsole',
 'scrapy.extensions.closespider.CloseSpider',
 'scrapy.extensions.feedexport.FeedExporter',
 'scrapy.extensions.logstats.LogStats',
 'scrapy.extensions.throttle.AutoThrottle']
2026-09-12 11:39:41 [scrapy.crawler] INFO: Overridden settings:
{'AUTOTHROTTLE_ENABLED': True,
 'BOT_NAME': 'scrapper',
 'CLOSESPIDER_PAGECOUNT': '400',
 'CONCURRENT_REQUESTS_PER_DOMAIN': 2,
 'DOWNLOAD_DELAY': 1.0,
 'FEED_EXPORT_ENCODING': 'utf-8',
 'HTTPCACHE_DIR': 'provera_cache',
 'HTTPCACHE_ENABLED': True,
 'HTTPCACHE_IGNORE_MISSING': '0',
 'LOG_FILE': 'provera\\provera.log',
 'NEWSPIDER_MODULE': 'scrapper.spiders',
 'RETRY_HTTP_CODES': [403, 429, 500, 502, 503, 504, 522, 524, 408],
 'RETRY_TIMES': 3,
 'ROBOTSTXT_OBEY': True,
 'SPIDER_MODULES': ['scrapper.spiders'],
 'USER_AGENT': 'psz-recommender studentski projekat'}
2026-09-12 11:39:42 [scrapy.middleware] INFO: Enabled downloader middlewares:
['scrapy.downloadermiddlewares.offsite.OffsiteMiddleware',
 'scrapy.downloadermiddlewares.robotstxt.RobotsTxtMiddleware',
 'scrapy.downloadermiddlewares.httpauth.HttpAuthMiddleware',
 'scrapy.downloadermiddlewares.downloadtimeout.DownloadTimeoutMiddleware',
 'scrapy.downloadermiddlewares.defaultheaders.DefaultHeadersMiddleware',
 'scrapy.downloadermiddlewares.useragent.UserAgentMiddleware',
 'scrapy.downloadermiddlewares.retry.RetryMiddleware',
 'scrapy.downloadermiddlewares.redirect.MetaRefreshMiddleware',
 'scrapy.downloadermiddlewares.httpcompression.HttpCompressionMiddleware',
 'scrapy.downloadermiddlewares.redirect.RedirectMiddleware',
 'scrapy.downloadermiddlewares.cookies.CookiesMiddleware',
 'scrapy.downloadermiddlewares.httpproxy.HttpProxyMiddleware',
 'scrapy.downloadermiddlewares.stats.DownloaderStats',
 'scrapy.downloadermiddlewares.httpcache.HttpCacheMiddleware']
2026-09-12 11:39:42 [scrapy.middleware] INFO: Enabled spider middlewares:
['scrapy.spidermiddlewares.start.StartSpiderMiddleware',
 'scrapy.spidermiddlewares.httperror.HttpErrorMiddleware',
 'scrapy.spidermiddlewares.referer.RefererMiddleware',
 'scrapy.spidermiddlewares.urllength.UrlLengthMiddleware',
 'scrapy.spidermiddlewares.depth.DepthMiddleware']
2026-09-12 11:39:42 [scrapy.middleware] INFO: Enabled item pipelines:
[]
2026-09-12 11:39:42 [scrapy.core.engine] INFO: Spider opened
2026-09-12 11:39:42 [scrapy.extensions.logstats] INFO: Crawled 0 pages (at 0 pages/min), scraped 0 items (at 0 items/min)
2026-09-12 11:39:42 [scrapy.extensions.httpcache] DEBUG: Using filesystem cache storage in C:\Users\Uros\Documents\psz-recommender\kod\scrapper\.scrapy\provera_cache
2026-09-12 11:39:42 [scrapy.extensions.telnet] INFO: Telnet console listening on 127.0.0.1:6023
2026-09-12 11:39:42 [scrapy.core.engine] DEBUG: Crawled (200) <GET https://www.tehnomedia.rs/robots.txt> (referer: None)
2026-09-12 11:39:48 [scrapy.core.engine] DEBUG: Crawled (200) <GET https://www.tehnomedia.rs/sitemap.xml> (referer: None)
2026-09-12 11:39:50 [scrapy.core.engine] DEBUG: Crawled (200) <GET https://www.tehnomedia.rs/sitemap/category-brands.xml> (referer: https://www.tehnomedia.rs/sitemap.xml)
2026-09-12 11:39:52 [scrapy.core.engine] DEBUG: Crawled (200) <GET https://www.tehnomedia.rs/sitemap/main-brands.xml> (referer: https://www.tehnomedia.rs/sitemap.xml)
2026-09-12 11:39:53 [scrapy.core.engine] DEBUG: Crawled (200) <GET https://www.tehnomedia.rs/sitemap/blog.xml> (referer: https://www.tehnomedia.rs/sitemap.xml)
2026-09-12 11:39:54 [scrapy.core.engine] DEBUG: Crawled (200) <GET https://www.tehnomedia.rs/sitemap/promo-pages.xml> (referer: https://www.tehnomedia.rs/sitemap.xml)
2026-09-12 11:39:55 [scrapy.core.engine] DEBUG: Crawled (200) <GET https://www.tehnomedia.rs/sitemap/landing-pages.xml> (referer: https://www.tehnomedia.rs/sitemap.xml)
2026-09-12 11:39:57 [scrapy.core.engine] DEBUG: Crawled (200) <GET https://www.tehnomedia.rs/sitemap/products-3.xml> (referer: https://www.tehnomedia.rs/sitemap.xml)
2026-09-12 11:39:57 [scrapy.dupefilters] DEBUG: Filtered duplicate request: <GET https://www.tehnomedia.rs/proizvod/avenli-kajak-pathfinder-set-2p-34177-350%2A78%2A47cm-160kg> - no more duplicates will be shown (see DUPEFILTER_DEBUG to show all duplicates)
2026-09-12 11:39:58 [scrapy.core.engine] DEBUG: Crawled (200) <GET https://www.tehnomedia.rs/sitemap/products-2.xml> (referer: https://www.tehnomedia.rs/sitemap.xml)
2026-09-12 11:39:59 [scrapy.core.engine] DEBUG: Crawled (200) <GET https://www.tehnomedia.rs/sitemap/products-1.xml> (referer: https://www.tehnomedia.rs/sitemap.xml)
2026-09-12 11:40:00 [scrapy.core.engine] DEBUG: Crawled (200) <GET https://www.tehnomedia.rs/sitemap/main.xml> (referer: https://www.tehnomedia.rs/sitemap.xml)
2026-09-12 11:40:01 [scrapy.core.engine] DEBUG: Crawled (200) <GET https://www.tehnomedia.rs/proizvod/gardena-prenosiva-automatska-motalica-za-crevo-movematic> (referer: https://www.tehnomedia.rs/sitemap/products-3.xml)
2026-09-12 11:40:02 [scrapy.core.engine] DEBUG: Crawled (200) <GET https://www.tehnomedia.rs/proizvod/gardena-meka-cetka-cleansystem-m> (referer: https://www.tehnomedia.rs/sitemap/products-3.xml)
2026-09-12 11:40:03 [scrapy.core.engine] DEBUG: Crawled (200) <GET https://www.tehnomedia.rs/proizvod/gardena-tvrda-cetka-cleansystem-m> (referer: https://www.tehnomedia.rs/sitemap/products-3.xml)
2026-09-12 11:40:04 [scrapy.core.engine] DEBUG: Crawled (200) <GET https://www.tehnomedia.rs/proizvod/gardena-pistolj-za-nezno-zalivanje-classic> (referer: https://www.tehnomedia.rs/sitemap/products-3.xml)
2026-09-12 11:40:06 [scrapy.core.engine] DEBUG: Crawled (200) <GET https://www.tehnomedia.rs/proizvod/gardena-pistolj-za-ciscenje-i-zalivanje-multifunkcijski-classic> (referer: https://www.tehnomedia.rs/sitemap/products-3.xml)
2026-09-12 11:40:07 [scrapy.core.engine] DEBUG: Crawled (200) <GET https://www.tehnomedia.rs/proizvod/hansa-boes68422> (referer: https://www.tehnomedia.rs/sitemap/products-3.xml)
2026-09-12 11:40:07 [scrapy.core.scraper] DEBUG: Scraped from <200 https://www.tehnomedia.rs/proizvod/hansa-boes68422>
{'url': 'https://www.tehnomedia.rs/proizvod/hansa-boes68422', 'izvor': 'tehnomedija.rs', 'product_id': '142968', 'ean': '5906006585228', 'naziv': 'HANSA BOES68422', 'opis': 'UGRADNA RERNA HANSA BOES68422', 'brend': 'HANSA', 'kategorija_path': 'Bela tehnika > Ugradne rerne > Ugradne multifunkcionalne rerne', 'cena': 40990, 'cena_mp_raw': None, 'valuta': 'RSD', 'slika': 'https://images.tehnomedia.rs/i/800x800/products/5b32/hansa_boes68422-b4ec82eb28b8-t0.jpg?f=webp', 'dostupan': True, 'energetska_klasa': None, 'specifikacije': {'Boja': 'crna, Float glass', 'Širina': '59,5 cm', 'Zapremina rerne': '77 l', 'Temperaturni opseg': '250 °C', 'Enegetska klasa': 'A', 'Potrošnja energije (klasično)': '0,99 kWh/cik', 'Potrošnja energije (ventilatorski)': '0,83 kWh/cik', 'Kontrola': 'Touch kontrola u kombinaciji sa rotacionim Push-Pull komandama', 'Funkcije pečenja': '10\nbrzo predgrevanje – 3100 W\ngornji i donji grejač sa ventilatorom – 1600 W\nECO režim pečenja\nGrill funkcija – 1500 W\nSuper Grill – 2400 W\nodmrzavanje pomoću ventilatora – 60 W\ndonji grejač – 700 W\nstandardno pečenje (gornji + donji grejač) – 1600 W\ngornji grejač + grill + ventilator – 2400 W\nsoftSteam funkcija pečenja uz paru – 1900 W', 'Sistem čišćenja': 'katalitičko samočišćenje unutrašnjosti\nposebni paneli apsorbuju masnoću tokom pečenja\njednostavnije održavanje bez jakih hemijskih sredstava', 'Oprema': '1 duboki pleh\n1 Air Fry pleh\n1 metalna rešetka\nTeleskopske vođice na jednom nivou (75%)', 'Priključna snaga': '3,1 kW', 'Napajanje': '230 V/50 Hz', 'Dimenzije ŠxVxD': '595 x 590 x 570 mm', 'Neto/bruto težina': '32,1/34,8 kg'}, 'karakteristike': ['Hansa ugradna rerna BOES68422', 'Multifunkcionalna ugradna rerna', 'Brzo zagrevanje do 180 °C za 5,5 minuta', 'Air Fry dodatak za zdravije pripremanje hrane', 'SoftSteam funkcija pečenja uz paru', 'Velika unutrašnja komora za pripremu većih obroka', 'Nezavisno Halogeno unutrašnje osvetljenje', 'Recepti odštampani na unutrašnjem staklu vrata', 'Soft Close sistem tihog zatvaranja vrata', 'Horizontalno otvaranje vrata', 'Uklonjiva vrata za jednostavnije čišćenje', 'Trostruko staklo na vratima', 'Unutrašnje Reflex staklo za bolju izolaciju toplote']}
2026-09-12 11:40:08 [scrapy.core.engine] DEBUG: Crawled (200) <GET https://www.tehnomedia.rs/proizvod/hansa-boes68471> (referer: https://www.tehnomedia.rs/sitemap/products-3.xml)
2026-09-12 11:40:08 [scrapy.core.scraper] DEBUG: Scraped from <200 https://www.tehnomedia.rs/proizvod/hansa-boes68471>
{'url': 'https://www.tehnomedia.rs/proizvod/hansa-boes68471', 'izvor': 'tehnomedija.rs', 'product_id': '142967', 'ean': '5906006585211', 'naziv': 'HANSA BOES68471', 'opis': 'UGRADNA RERNA HANSA BOES68471', 'brend': 'HANSA', 'kategorija_path': 'Bela tehnika > Ugradne rerne > Ugradne multifunkcionalne rerne', 'cena': 41990, 'cena_mp_raw': None, 'valuta': 'RSD', 'slika': 'https://images.tehnomedia.rs/i/800x800/products/2280/hansa_boes68471-e6d40320b638-t0.jpg?f=webp', 'dostupan': True, 'energetska_klasa': None, 'specifikacije': {'Boja': 'inox/crna, Float glass', 'Širina': '59,5 cm', 'Zapremina rerne': '77 l', 'Temperaturni opseg': '250 °C', 'Enegetska klasa': 'A', 'Potrošnja energije (klasično)': '0,99 kWh/cik', 'Potrošnja energije (ventilatorski)': '0,83 kWh/cik', 'Kontrole': 'preko touch dugmadi i rotacionih Push-Pull komandi', 'Funkcije pečenja': '10\nbrzo predgrevanje – 3100 W\ngornji i donji grejač sa ventilatorom – 1600 W\nECO režim pečenja\nGrill funkcija – 1500 W\nSuper Grill – 2400 W\nodmrzavanje pomoću ventilatora – 60 W\ndonji grejač – 700 W\nstandardno pečenje (gornji + donji grejač) – 1600W\ngornji grejač + grill + ventilator – 2400 W\nsoftSteam funkcija pečenja parom – 1900 W', 'Sistem čišćenja': 'katalitičko čišćenje (Catalytic Cleaning)\nzidovi rerne upijaju masnoću tokom pečenja\njednostavnije održavanje bez agresivnih sredstava za čišćenje', 'Oprema': 'teleskopske vođice na jednom nivou (75%)\n1 duboki pleh\n1 Air Fry pleh\n1 metalna rešetka', 'Priključna snaga': '3,1 kW', 'Napajanje': '230 V/50 Hz', 'Dimenzije ŠxVxD': '595 x 595 x 570 mm', 'Neto/bruto težina': '32,5/35,3 kg'}, 'karakteristike': ['Hansa ugradna rerna BOES68471', 'Multifunkcionalna ugradna rerna', 'Zaštita protiv otisaka prstiju (Anti Fingerprint)', 'LED displej, bela boja', 'Brzo zagrevanje do 180°C za 5,5 minuta', 'Svakodnevno kuvanje', 'Pečenje hleba i peciva uz paru', 'Air Fry dodatak za zdravije pripremanje hrane', 'Velika unutrašnja komora za pripremu većih obroka', 'SoftSteam dodatak za pečenje uz paru', 'Nezavisno Halogeno unutrašnje osvetljenje', 'Soft Close sistem tihog zatvaranja vrata', 'Horizontalno otvaranje vrata', 'Vrata se mogu skinuti radi lakšeg čišćenja', 'Trostruko staklo na vratima', 'Unutrašnje Reflex staklo', 'Recepti odštampani na unutrašnjem staklu vrata']}
2026-09-12 11:40:09 [scrapy.core.engine] DEBUG: Crawled (200) <GET https://www.tehnomedia.rs/proizvod/hansa-boes684055> (referer: https://www.tehnomedia.rs/sitemap/products-3.xml)
2026-09-12 11:40:09 [scrapy.core.scraper] DEBUG: Scraped from <200 https://www.tehnomedia.rs/proizvod/hansa-boes684055>
{'url': 'https://www.tehnomedia.rs/proizvod/hansa-boes684055', 'izvor': 'tehnomedija.rs', 'product_id': '142962', 'ean': '5906006587444', 'naziv': 'HANSA BOES684055', 'opis': 'UGRADNA RERNA HANSA BOES684055', 'brend': 'HANSA', 'kategorija_path': 'Bela tehnika > Ugradne rerne > Ugradne multifunkcionalne rerne', 'cena': 39990, 'cena_mp_raw': None, 'valuta': 'RSD', 'slika': 'https://images.tehnomedia.rs/i/800x800/products/958c/hansa_boes684055-e231bdf5cc21-t0.jpg?f=webp', 'dostupan': True, 'energetska_klasa': None, 'specifikacije': {'Boja': 'crna (Float staklo)', 'Širina': '59,5 cm', 'Zapremina rerne': '77 l', 'Temperaturni opseg': 'do 250 °C', 'Enegetska klasa': 'A', 'Potrošnja energije (klasično)': '0,99 kWh/cik', 'Potrošnja energije (ventilatorski)': '0,83 kWh/cik', 'Kontrole': 'Push-Pull komande sa osvetljenjem, LED displej sa crvenim prikazom', 'Funkcije pečenja': '9\nbrzo predgrevanje\ngornji i donji grejač sa ventilatorom\nklasično pečenje\nGrill funkcija\nSupergrill\nECO režim pečenja\nodmrzavanje ventilatorom\ndonji grejač\nkombinovani režim sa grillom i ventilatorom', 'Vreme zagrevanja do 180°C': '5,5 minuta', 'Način čiščenja': 'Steam Clean sistem čišćenja parom', 'Osvetljenje': 'Halogeno unutrašnje osvetljenje', 'Mehanizam za vođice': '1 teleskopska vođica (75%)', 'Oprema': 'Standardne bočne vođice\n1 teleskopska vođica (75%)\n1 duboki pleh\n1 standardni pleh\n1 AirFry pleh\n1 metalna rešetka', 'Priključna snaga': '3,5 kW', 'Napajanje': '230 V/50 Hz', 'Dužina kabla': '1,3 m', 'Dimenzije ŠxVxD': '595 x 595 x 570 mm', 'Ugradne mere ŠxVxD': '560 x 595 x 560 mm', 'Neto težina': '33,15 kg'}, 'karakteristike': ['Hansa ugradna rerna BOES684055', 'Multifunkcionalna ugradna rerna', '6 nivoa pečenja', 'Soft Close sistem za tiho zatvaranje vrata', 'Vrata sa trostrukim staklom', 'Vrata se mogu skinuti radi lakšeg čišćenjaUnutrašnje staklo lako dostupno za održavanje', 'Ugrađen priključni kabl sa utikačem']}
2026-09-12 11:40:10 [scrapy.core.engine] DEBUG: Crawled (200) <GET https://www.tehnomedia.rs/proizvod/tesla-bs301wx> (referer: https://www.tehnomedia.rs/sitemap/products-3.xml)
2026-09-12 11:40:12 [scrapy.core.engine] DEBUG: Crawled (200) <GET https://www.tehnomedia.rs/proizvod/fieldmann-fdzn-7002-3x3m> (referer: https://www.tehnomedia.rs/sitemap/products-3.xml)
2026-09-12 11:40:12 [scrapy.core.engine] DEBUG: Crawled (200) <GET https://www.tehnomedia.rs/proizvod/hisense-ch-6in6226-b> (referer: https://www.tehnomedia.rs/sitemap/products-3.xml)
2026-09-12 11:40:12 [scrapy.core.scraper] DEBUG: Scraped from <200 https://www.tehnomedia.rs/proizvod/hisense-ch-6in6226-b>
{'url': 'https://www.tehnomedia.rs/proizvod/hisense-ch-6in6226-b', 'izvor': 'tehnomedija.rs', 'product_id': '142959', 'ean': '3838783066435', 'naziv': 'HISENSE CH 6IN6226 B', 'opis': 'ASPIRATOR HISENSE CH 6IN6226 B', 'brend': 'HISENSE', 'kategorija_path': 'Bela tehnika > Aspiratori > Zidni aspiratori', 'cena': 29999, 'cena_mp_raw': None, 'valuta': 'RSD', 'slika': 'https://images.tehnomedia.rs/i/800x800/products/a733/hisense_ch_6in6226_b-2503b1806cdc-t0.jpg?f=webp', 'dostupan': True, 'energetska_klasa': 'A+', 'specifikacije': {'Boja': 'crna', 'Širina': '59,5 cm', 'Dizajn': 'lakirani metal', 'Način rada': 'odvodni i recirkulirajući (set za recirkulaciju se kupuje posebno)', 'Ukupna snaga motora': '150 W', 'Broj brzina': '4', 'Broj motora': '1', 'Upravljanje': 'senzorsko upravljanje na dodir', 'Priključna snaga': '154 W', 'Energetska klasa': 'A+', 'Potrošnja energije': '20 kWh/god', 'Kapacitet odvođenja vazduha': '262 - 485 m3/h', 'Povećan protok vazduha (PowerBoost 1)': '767 m3/h', 'Nivo buke (max)': '54 dB', 'Osvetljenje': '2 x LED strip', 'Aluminijumski filter za masnoću': 'x 2', 'Prečnik odvoda': '150  mm', 'Wi-Fi upravljanje': 'da, integrisano', 'ConnectLife': 'da', 'Povezivanje aspiratora i ploče': 'automatska sinhronizacija', 'Indikator zaprljaniosti filtera': 'da', 'Šifra seta za recirkulaciju': 'H20105154', 'Broj ugljenih filtera': '2', 'Ugljeni filter kao dodatna oprema': 'H20108838', 'Napomena': 'set za recirkulaciju i ugljeni filteri se kupuju posebno)', 'Materijal kućišta': 'lakirani metal', 'Materijal dekorativnog dimnjaka': 'lakirani metal', 'Napajanje': '220-240 V/50 Hz', 'Dužina priključnog kabla': '1 m', 'Min. visina dekorativnog dimnjaka': '920  mm', 'Max. visina dekorativnog dimnjaka': '1400  mm', 'Dimenzije-odvođenje vazduha (VxŠxD)': '45 x 59,5 x 41,2 cm', 'Težina neto/bruto': '17,1/20,8 kg'}, 'karakteristike': ['Hisense aspirator CH 6IN6226 B', 'Dekorativni zidni aspirator', 'Funkcija dimovanja osvetljenja', 'Senzor za funkciju automatskog provetravanja']}
2026-09-12 11:40:13 [scrapy.core.engine] DEBUG: Crawled (200) <GET https://www.tehnomedia.rs/proizvod/hisense-hdu-9673-bx> (referer: https://www.tehnomedia.rs/sitemap/products-3.xml)
2026-09-12 11:40:13 [scrapy.core.scraper] DEBUG: Scraped from <200 https://www.tehnomedia.rs/proizvod/hisense-hdu-9673-bx>
{'url': 'https://www.tehnomedia.rs/proizvod/hisense-hdu-9673-bx', 'izvor': 'tehnomedija.rs', 'product_id': '142958', 'ean': '3838783025807', 'naziv': 'HISENSE HDU 9673 BX', 'opis': 'UGRADNA MASINA ZA PRANJE SUDOVA HISENSE HDU 9673 BX', 'brend': 'HISENSE', 'kategorija_path': 'Bela tehnika > Mašine za pranje sudova > Ugradne mašine za pranje sudova', 'cena': 64999, 'cena_mp_raw': None, 'valuta': 'RSD', 'slika': 'https://images.tehnomedia.rs/i/800x800/products/1dae/hisense_hdu_9673_bx-dad9caaec232-t0.jpg?f=webp', 'dostupan': False, 'energetska_klasa': 'A', 'specifikacije': {'Širina': '59,8 cm', 'Kapacitet pranja': '16 kompleta', 'Energetska klasa': 'A', 'Potrošnja energije': '49 kWh/100 cik', 'Potrošnja vode': '9.5 l/cik', 'Trajanje programa': '4:40 h:min', 'Klasa efikasnosti pranja': 'A', 'Klasa efikasnosti sušenja': 'A', 'Nivo buke': '39 dB', 'Akustična klasa': 'B', 'Motor': 'Durable Inverter', 'Korpe': '3', 'Programi': 'noćni program\nkratki program\nkristalne čaše\nhigijenski program\neko program\nautomatski program\nintenzivni program', 'Temperatura pranja': '40/45/50/55/60/65/70 °C', 'Max. temperatura ulazne vode': '70 °C', 'Dodatne opcije': 'brzo čišćenje\nAuto Dry automatsko otvaranje vrata\nsamočišćenje', 'Kontrole': 'kontrole na dodir', 'WiFi': 'da, integrisano', 'Odložen start': 'do 24 h', 'Indikatori': 'svetlosni-zvučni signal', 'Sistem gornje korpe': 'Click Clack sistem podešavanja visine korpe', 'Materijal prskalice': 'plastika', 'Sigurnost': 'zaštita od poplave\nservisna dijagnostika\nmaterijal kade: nerđajući čelik', 'Napajanje': '220-240 V/50 Hz', 'Dimenzije (ŠxVxD)': '598 x 816 x 575 mm', 'Ugradne mere': '600 x 820 x 575  mm', 'Neto/bruto težina': '32,7/34,5 kg'}, 'karakteristike': ['Hisense ugradna mašina za pranje posuđa HDU 9673 BX', 'Potpuno ugradna mašina za pranje posuđa', 'Upotreba tablete 3 u 1', 'Auto Dry automatsko otvaranje vrata', 'Unutrašnje osvetljene', 'Statusno svetlo', 'Senzor nivoa vode', 'Senzor čistoče vode']}
2026-09-12 11:40:14 [scrapy.core.engine] DEBUG: Crawled (200) <GET https://www.tehnomedia.rs/proizvod/vesa-power-bank-p83-30000mah-22-5w-white> (referer: https://www.tehnomedia.rs/sitemap/products-3.xml)
2026-09-12 11:40:15 [scrapy.core.engine] DEBUG: Crawled (200) <GET https://www.tehnomedia.rs/proizvod/asus-tuf-gaming-x870e-plus-wifi> (referer: https://www.tehnomedia.rs/sitemap/products-3.xml)
2026-09-12 11:40:17 [scrapy.core.engine] DEBUG: Crawled (200) <GET https://www.tehnomedia.rs/proizvod/max-mobile-3utr2076-qp%2C-sfc-gan-65w> (referer: https://www.tehnomedia.rs/sitemap/products-2.xml)
2026-09-12 11:40:19 [scrapy.core.engine] DEBUG: Crawled (200) <GET https://www.tehnomedia.rs/proizvod/einhell-gc-ch-1855-1-li-kit> (referer: https://www.tehnomedia.rs/sitemap/products-1.xml)
2026-09-12 11:40:20 [scrapy.core.engine] DEBUG: Crawled (200) <GET https://www.tehnomedia.rs/proizvod/rabalux-cardamom%2C-zidna-lampa%2C-e14-1x-max-40w%2C-mat-crna> (referer: https://www.tehnomedia.rs/sitemap/products-1.xml)
2026-09-12 11:40:21 [scrapy.core.engine] DEBUG: Crawled (200) <GET https://www.tehnomedia.rs/proizvod/rabalux-hanka-visilica-e27-40w%2Cbelo-2> (referer: https://www.tehnomedia.rs/sitemap/products-1.xml)
2026-09-12 11:40:22 [scrapy.core.engine] DEBUG: Crawled (200) <GET https://www.tehnomedia.rs/proizvod/rabalux-lucas-plafonjera-kvadrat-led-24w-4000k-zvezdana> (referer: https://www.tehnomedia.rs/sitemap/products-1.xml)
2026-09-12 11:40:23 [scrapy.core.engine] DEBUG: Crawled (200) <GET https://www.tehnomedia.rs/proizvod/rabalux-lucas-plafonjer-kvadrat-led-18w-4000k-zvezdana> (referer: https://www.tehnomedia.rs/sitemap/products-1.xml)
2026-09-12 11:40:24 [scrapy.core.engine] DEBUG: Crawled (200) <GET https://www.tehnomedia.rs/proizvod/rabalux-lucas-plafonjera-kvadrat-led-12w-4000k-zvezdana> (referer: https://www.tehnomedia.rs/sitemap/products-1.xml)
2026-09-12 11:40:25 [scrapy.core.engine] DEBUG: Crawled (200) <GET https://www.tehnomedia.rs/proizvod/rabalux-ziva-plafonjera-led-36w%2Chrom> (referer: https://www.tehnomedia.rs/sitemap/products-1.xml)
2026-09-12 11:40:26 [scrapy.core.engine] DEBUG: Crawled (200) <GET https://www.tehnomedia.rs/proizvod/rabalux-slava-plafonjera-ip44-led-18w%2C-3000k%2C-33cm> (referer: https://www.tehnomedia.rs/sitemap/products-1.xml)
2026-09-12 11:40:28 [scrapy.core.engine] DEBUG: Crawled (200) <GET https://www.tehnomedia.rs/proizvod/rabalux-alabastro-zidna-lampa-e27-60w-tabaco-bronza> (referer: https://www.tehnomedia.rs/sitemap/products-1.xml)
2026-09-12 11:40:29 [scrapy.core.engine] DEBUG: Crawled (200) <GET https://www.tehnomedia.rs/proizvod/rabalux-nayara%2C-unutra%C5%A1nja-led-plafonjera%2C-posrebrena> (referer: https://www.tehnomedia.rs/sitemap/products-1.xml)
2026-09-12 11:40:31 [scrapy.core.engine] DEBUG: Crawled (200) <GET https://www.tehnomedia.rs/proizvod/rabalux-alabastro-zidna-lampa-e27-60w-belo-bronza> (referer: https://www.tehnomedia.rs/sitemap/products-1.xml)
2026-09-12 11:40:32 [scrapy.core.engine] DEBUG: Crawled (200) <GET https://www.tehnomedia.rs/proizvod/rabalux-alabastro-zidna-lampa-e27-60w-belo-hrom> (referer: https://www.tehnomedia.rs/sitemap/products-1.xml)
2026-09-12 11:40:33 [scrapy.core.engine] DEBUG: Crawled (200) <GET https://www.tehnomedia.rs/proizvod/rabalux-alabastro-zidna-lampa-e27-60w-belo-gold> (referer: https://www.tehnomedia.rs/sitemap/products-1.xml)
2026-09-12 11:40:35 [scrapy.core.engine] DEBUG: Crawled (200) <GET https://www.tehnomedia.rs/proizvod/rabalux-matea-plafonjera%2Cled-40w%2C-braon%2Cd50cm> (referer: https://www.tehnomedia.rs/sitemap/products-1.xml)
2026-09-12 11:40:36 [scrapy.core.engine] DEBUG: Crawled (200) <GET https://www.tehnomedia.rs/proizvod/rabalux-mokka-plafonjera%2C-led-24w%2C-braon%2Cd41cm> (referer: https://www.tehnomedia.rs/sitemap/products-1.xml)
2026-09-12 11:40:37 [scrapy.core.engine] DEBUG: Crawled (200) <GET https://www.tehnomedia.rs/proizvod/rabalux-wolimir-plafonjera%2C-led-22w%2C-hrom%2C-28cm> (referer: https://www.tehnomedia.rs/sitemap/products-1.xml)
2026-09-12 11:40:39 [scrapy.core.engine] DEBUG: Crawled (200) <GET https://www.tehnomedia.rs/proizvod/rabalux-tekla-stona-lampa-led-10w%2C-bela> (referer: https://www.tehnomedia.rs/sitemap/products-1.xml)
2026-09-12 11:40:40 [scrapy.core.engine] DEBUG: Crawled (200) <GET https://www.tehnomedia.rs/proizvod/rabalux-danila-plafonska-lampa-e27%2C-5x60w%2C-hrom> (referer: https://www.tehnomedia.rs/sitemap/products-1.xml)
2026-09-12 11:40:41 [scrapy.core.engine] DEBUG: Crawled (200) <GET https://www.tehnomedia.rs/proizvod/rabalux-danila-plafonska-lampa-e27-3x60w%2C-hrom> (referer: https://www.tehnomedia.rs/sitemap/products-1.xml)
2026-09-12 11:40:42 [scrapy.extensions.logstats] INFO: Crawled 45 pages (at 45 pages/min), scraped 5 items (at 5 items/min)
2026-09-12 11:40:43 [scrapy.core.engine] DEBUG: Crawled (200) <GET https://www.tehnomedia.rs/proizvod/rabalux-eucalyptus%2C-led-visilica%2C-20w%2C-3000k%2C-dimabilna-touch%2C-hrom> (referer: https://www.tehnomedia.rs/sitemap/products-1.xml)
2026-09-12 11:40:44 [scrapy.core.engine] DEBUG: Crawled (200) <GET https://www.tehnomedia.rs/proizvod/rabalux-stregobor%2C-unutra%C5%A1nja-led-plafonjera%2C-bela%2C-hrom> (referer: https://www.tehnomedia.rs/sitemap/products-1.xml)
2026-09-12 11:40:45 [scrapy.core.engine] DEBUG: Crawled (200) <GET https://www.tehnomedia.rs/proizvod/rabalux-kyle-visilica-e27-max60w-braon> (referer: https://www.tehnomedia.rs/sitemap/products-1.xml)
2026-09-12 11:40:47 [scrapy.core.engine] DEBUG: Crawled (200) <GET https://www.tehnomedia.rs/proizvod/rabalux-lilian-plafonska-lampa-e14-4x40w-staro-zlato> (referer: https://www.tehnomedia.rs/sitemap/products-1.xml)
2026-09-12 11:40:47 [scrapy.core.engine] DEBUG: Crawled (200) <GET https://www.tehnomedia.rs/proizvod/rabalux-lilian-plafonska-lampa-e14-4x40w%2C-hrom> (referer: https://www.tehnomedia.rs/sitemap/products-1.xml)
2026-09-12 11:40:49 [scrapy.core.engine] DEBUG: Crawled (200) <GET https://www.tehnomedia.rs/proizvod/rabalux-elisett-plafonjera-e14-2x40w-bronza> (referer: https://www.tehnomedia.rs/sitemap/products-1.xml)
2026-09-12 11:40:50 [scrapy.core.engine] DEBUG: Crawled (200) <GET https://www.tehnomedia.rs/proizvod/rabalux-elisett-podna-lampa-e27-1x60w-bronza> (referer: https://www.tehnomedia.rs/sitemap/products-1.xml)
2026-09-12 11:40:51 [scrapy.core.engine] DEBUG: Crawled (200) <GET https://www.tehnomedia.rs/proizvod/rabalux-elisett--visilica-e27-2x60w-bronza> (referer: https://www.tehnomedia.rs/sitemap/products-1.xml)
2026-09-12 11:40:53 [scrapy.core.engine] DEBUG: Crawled (200) <GET https://www.tehnomedia.rs/proizvod/rabalux-elisett-visilica-e27-1x60w-bronza> (referer: https://www.tehnomedia.rs/sitemap/products-1.xml)
2026-09-12 11:40:54 [scrapy.core.engine] DEBUG: Crawled (200) <GET https://www.tehnomedia.rs/proizvod/rabalux-elisett--luster-e27-5x60w-bronza> (referer: https://www.tehnomedia.rs/sitemap/products-1.xml)
2026-09-12 11:40:55 [scrapy.core.engine] DEBUG: Crawled (200) <GET https://www.tehnomedia.rs/proizvod/rabalux-elisett-luster-e27-3x60w-bronza> (referer: https://www.tehnomedia.rs/sitemap/products-1.xml)
2026-09-12 11:40:56 [scrapy.core.engine] DEBUG: Crawled (200) <GET https://www.tehnomedia.rs/proizvod/rabalux-elisett-stona-lampa-e27-1x60w-bronza> (referer: https://www.tehnomedia.rs/sitemap/products-1.xml)
2026-09-12 11:40:58 [scrapy.core.engine] DEBUG: Crawled (200) <GET https://www.tehnomedia.rs/proizvod/rabalux-elisett-zidna-lampa-e27-1x60w-bronza> (referer: https://www.tehnomedia.rs/sitemap/products-1.xml)
2026-09-12 11:40:59 [scrapy.core.engine] DEBUG: Crawled (200) <GET https://www.tehnomedia.rs/proizvod/rabalux-marian-podna-lampa-sa-citacem-e27-2x60w-bronza> (referer: https://www.tehnomedia.rs/sitemap/products-1.xml)
2026-09-12 11:41:00 [scrapy.core.engine] DEBUG: Crawled (200) <GET https://www.tehnomedia.rs/proizvod/rabalux-marian-visilica-e27-2x60w-bronza> (referer: https://www.tehnomedia.rs/sitemap/products-1.xml)
2026-09-12 11:41:02 [scrapy.core.engine] DEBUG: Crawled (200) <GET https://www.tehnomedia.rs/proizvod/rabalux-marian-visilica-e27-1x100w-bronza> (referer: https://www.tehnomedia.rs/sitemap/products-1.xml)
2026-09-12 11:41:03 [scrapy.core.engine] DEBUG: Crawled (200) <GET https://www.tehnomedia.rs/proizvod/rabalux-marian--luster-e27-5x60w-bronza> (referer: https://www.tehnomedia.rs/sitemap/products-1.xml)
2026-09-12 11:41:04 [scrapy.core.engine] DEBUG: Crawled (200) <GET https://www.tehnomedia.rs/proizvod/rabalux-marian--luster-e27-3x60w-bronza> (referer: https://www.tehnomedia.rs/sitemap/products-1.xml)
2026-09-12 11:41:05 [scrapy.core.engine] DEBUG: Crawled (200) <GET https://www.tehnomedia.rs/proizvod/rabalux-marian-stona-lampa-e27-60w-bronza> (referer: https://www.tehnomedia.rs/sitemap/products-1.xml)
2026-09-12 11:41:07 [scrapy.core.engine] DEBUG: Crawled (200) <GET https://www.tehnomedia.rs/proizvod/rabalux-marian-zidna-lampa-e27-1x60w-bronza> (referer: https://www.tehnomedia.rs/sitemap/products-1.xml)
2026-09-12 11:41:08 [scrapy.core.engine] DEBUG: Crawled (200) <GET https://www.tehnomedia.rs/proizvod/rabalux-zenon-plafonjera-led-24w%2Cbela-2> (referer: https://www.tehnomedia.rs/sitemap/products-1.xml)
2026-09-12 11:41:09 [scrapy.core.engine] DEBUG: Crawled (200) <GET https://www.tehnomedia.rs/proizvod/rabalux-zenon-plafonjera-led-24w%2Cbela> (referer: https://www.tehnomedia.rs/sitemap/products-1.xml)
2026-09-12 11:41:11 [scrapy.core.engine] DEBUG: Crawled (200) <GET https://www.tehnomedia.rs/proizvod/rabalux-zenon-plafonjera-led-18w%2C-bela> (referer: https://www.tehnomedia.rs/sitemap/products-1.xml)
2026-09-12 11:41:12 [scrapy.core.engine] DEBUG: Crawled (200) <GET https://www.tehnomedia.rs/proizvod/rabalux-nalani-stona-lampa-e14-40w%2Cplava> (referer: https://www.tehnomedia.rs/sitemap/products-1.xml)
2026-09-12 11:41:13 [scrapy.core.engine] DEBUG: Crawled (200) <GET https://www.tehnomedia.rs/proizvod/rabalux-nalani-stona-lampa-e14-40w%2Csiva> (referer: https://www.tehnomedia.rs/sitemap/products-1.xml)
2026-09-12 11:41:15 [scrapy.core.engine] DEBUG: Crawled (200) <GET https://www.tehnomedia.rs/proizvod/rabalux-flores-solna-lampa-e14-15w-90lm-2700k> (referer: https://www.tehnomedia.rs/sitemap/products-1.xml)
2026-09-12 11:41:16 [scrapy.core.engine] DEBUG: Crawled (200) <GET https://www.tehnomedia.rs/proizvod/rabalux-prudence%2C-unutra%C5%A1nja-plafonjera%2C-crna-metal> (referer: https://www.tehnomedia.rs/sitemap/products-1.xml)
2026-09-12 11:41:17 [scrapy.core.engine] DEBUG: Crawled (200) <GET https://www.tehnomedia.rs/proizvod/rabalux-anastasia-plafonjera-e14-3x25w-hrom-braon> (referer: https://www.tehnomedia.rs/sitemap/products-1.xml)
2026-09-12 11:41:18 [scrapy.core.engine] DEBUG: Crawled (200) <GET https://www.tehnomedia.rs/proizvod/rabalux-anastasia-podna-lampa-e27-max-60w-hrom-braon> (referer: https://www.tehnomedia.rs/sitemap/products-1.xml)
2026-09-12 11:41:20 [scrapy.core.engine] DEBUG: Crawled (200) <GET https://www.tehnomedia.rs/proizvod/rabalux-anastasia-visilica-e27-max60w-hrom-brwn> (referer: https://www.tehnomedia.rs/sitemap/products-1.xml)
2026-09-12 11:41:21 [scrapy.core.engine] DEBUG: Crawled (200) <GET https://www.tehnomedia.rs/proizvod/rabalux-anastasia-stona-lampa-e27-60w-hrom-braon> (referer: https://www.tehnomedia.rs/sitemap/products-1.xml)
2026-09-12 11:41:22 [scrapy.core.engine] DEBUG: Crawled (200) <GET https://www.tehnomedia.rs/proizvod/rabalux-anastasia-visilica-e27-3x60w-hrom-braon> (referer: https://www.tehnomedia.rs/sitemap/products-1.xml)
2026-09-12 11:41:23 [scrapy.core.engine] DEBUG: Crawled (200) <GET https://www.tehnomedia.rs/proizvod/rabalux-anastasia-zidna-lampae27-60w-led1w-hrom-brwn> (referer: https://www.tehnomedia.rs/sitemap/products-1.xml)
2026-09-12 11:41:24 [scrapy.core.engine] DEBUG: Crawled (200) <GET https://www.tehnomedia.rs/proizvod/rabalux-anastasia-zidna-lampae27-max-60w-hrom-braon> (referer: https://www.tehnomedia.rs/sitemap/products-1.xml)
2026-09-12 11:41:25 [scrapy.core.engine] DEBUG: Crawled (200) <GET https://www.tehnomedia.rs/proizvod/rabalux-melissa-plafonska-lampa-e14-5x-max60w-hrom> (referer: https://www.tehnomedia.rs/sitemap/products-1.xml)
2026-09-12 11:41:27 [scrapy.core.engine] DEBUG: Crawled (200) <GET https://www.tehnomedia.rs/proizvod/rabalux-melissa-plafonska-lampa-e14-3x-max60w-hrom> (referer: https://www.tehnomedia.rs/sitemap/products-1.xml)
2026-09-12 11:41:28 [scrapy.core.engine] DEBUG: Crawled (200) <GET https://www.tehnomedia.rs/proizvod/rabalux-hecate%2C-plafonjera%2C-led---40w> (referer: https://www.tehnomedia.rs/sitemap/products-1.xml)
2026-09-12 11:41:29 [scrapy.core.engine] DEBUG: Crawled (200) <GET https://www.tehnomedia.rs/proizvod/rabalux-amy-plafonska-lampa-e14-4x60w%2C-hrom> (referer: https://www.tehnomedia.rs/sitemap/products-1.xml)
2026-09-12 11:41:30 [scrapy.core.engine] DEBUG: Crawled (200) <GET https://www.tehnomedia.rs/proizvod/rabalux-derek-visilica-e27-1x60w%2Cmat-sivo> (referer: https://www.tehnomedia.rs/sitemap/products-1.xml)
2026-09-12 11:41:31 [scrapy.core.engine] DEBUG: Crawled (200) <GET https://www.tehnomedia.rs/proizvod/rabalux-derek-visilica-e27-1x60w%2Cmat-crno> (referer: https://www.tehnomedia.rs/sitemap/products-1.xml)
2026-09-12 11:41:33 [scrapy.core.engine] DEBUG: Crawled (200) <GET https://www.tehnomedia.rs/proizvod/rabalux-derek-visilica-e27-1x60w%2Cmat-belo> (referer: https://www.tehnomedia.rs/sitemap/products-1.xml)
2026-09-12 11:41:34 [scrapy.core.engine] DEBUG: Crawled (200) <GET https://www.tehnomedia.rs/proizvod/rabalux-sadie-visilica-e27-1x-60w-belo> (referer: https://www.tehnomedia.rs/sitemap/products-1.xml)
2026-09-12 11:41:36 [scrapy.core.engine] DEBUG: Crawled (200) <GET https://www.tehnomedia.rs/proizvod/rabalux-alexis-plafonska-lampa-led-3x7w-hrom> (referer: https://www.tehnomedia.rs/sitemap/products-1.xml)
2026-09-12 11:41:37 [scrapy.core.engine] DEBUG: Crawled (200) <GET https://www.tehnomedia.rs/proizvod/rabalux-alexis-plafonska-lampa-led-4x6w-hrom> (referer: https://www.tehnomedia.rs/sitemap/products-1.xml)
2026-09-12 11:41:38 [scrapy.core.engine] DEBUG: Crawled (200) <GET https://www.tehnomedia.rs/proizvod/rabalux-mecrvenoith-plafonska-lampa-led-19%2C2w-hrom> (referer: https://www.tehnomedia.rs/sitemap/products-1.xml)
2026-09-12 11:41:39 [scrapy.core.engine] DEBUG: Crawled (200) <GET https://www.tehnomedia.rs/proizvod/rabalux-mecrvenoith-visilica-led-18w-hrom> (referer: https://www.tehnomedia.rs/sitemap/products-1.xml)
2026-09-12 11:41:41 [scrapy.core.engine] DEBUG: Crawled (200) <GET https://www.tehnomedia.rs/proizvod/rabalux-mecrvenoith-plafonska-lampa-3fluo-cev-led-18w-hrom> (referer: https://www.tehnomedia.rs/sitemap/products-1.xml)
2026-09-12 11:41:42 [scrapy.extensions.logstats] INFO: Crawled 92 pages (at 47 pages/min), scraped 5 items (at 0 items/min)
2026-09-12 11:41:42 [scrapy.core.engine] DEBUG: Crawled (200) <GET https://www.tehnomedia.rs/proizvod/rabalux-mecrvenoith-plafonska-lampa-4fluo-cev-led-18w-hrom> (referer: https://www.tehnomedia.rs/sitemap/products-1.xml)
2026-09-12 11:41:43 [scrapy.core.engine] DEBUG: Crawled (200) <GET https://www.tehnomedia.rs/proizvod/rabalux-danielle-plafonjera-d37x17h%2C-led-18w> (referer: https://www.tehnomedia.rs/sitemap/products-1.xml)
2026-09-12 11:41:45 [scrapy.core.engine] DEBUG: Crawled (200) <GET https://www.tehnomedia.rs/proizvod/rabalux-danielle-plafonjera-36x36x17h%2C-led-21w> (referer: https://www.tehnomedia.rs/sitemap/products-1.xml)
2026-09-12 11:41:46 [scrapy.core.engine] DEBUG: Crawled (200) <GET https://www.tehnomedia.rs/proizvod/rabalux-grace-zidna-lampa-e27-60w-2> (referer: https://www.tehnomedia.rs/sitemap/products-1.xml)
2026-09-12 11:41:47 [scrapy.core.engine] DEBUG: Crawled (200) <GET https://www.tehnomedia.rs/proizvod/rabalux-grace-zidna-lampa-e27-60w> (referer: https://www.tehnomedia.rs/sitemap/products-1.xml)
2026-09-12 11:41:49 [scrapy.core.engine] DEBUG: Crawled (200) <GET https://www.tehnomedia.rs/proizvod/rabalux-tamino%2C-plafonjera%2C-led-24w-4000k-45cm-drvo-plastika> (referer: https://www.tehnomedia.rs/sitemap/products-1.xml)
2026-09-12 11:41:50 [scrapy.core.engine] DEBUG: Crawled (200) <GET https://www.tehnomedia.rs/proizvod/rabalux-cressida%2C-plafonjera%2C-led---24w> (referer: https://www.tehnomedia.rs/sitemap/products-1.xml)
2026-09-12 11:41:51 [scrapy.core.engine] DEBUG: Crawled (200) <GET https://www.tehnomedia.rs/proizvod/rabalux-draco%2C-podna-i-stona-2u1%2C-led-13w%2C-crna-metalna> (referer: https://www.tehnomedia.rs/sitemap/products-1.xml)
2026-09-12 11:41:52 [scrapy.core.engine] DEBUG: Crawled (200) <GET https://www.tehnomedia.rs/proizvod/rabalux-lydia%2C-stona-lampa%2C-mat-crna-metalna> (referer: https://www.tehnomedia.rs/sitemap/products-1.xml)
2026-09-12 11:41:54 [scrapy.core.engine] DEBUG: Crawled (200) <GET https://www.tehnomedia.rs/proizvod/rabalux-indigo%2C-visilica-5xe27%2C-crna-metal-drvo> (referer: https://www.tehnomedia.rs/sitemap/products-1.xml)
2026-09-12 11:41:55 [scrapy.core.engine] DEBUG: Crawled (200) <GET https://www.tehnomedia.rs/proizvod/rabalux-indigo%2C-visilica-3xe27%2C-crna-metal-drvo> (referer: https://www.tehnomedia.rs/sitemap/products-1.xml)
2026-09-12 11:41:56 [scrapy.core.engine] DEBUG: Crawled (200) <GET https://www.tehnomedia.rs/proizvod/rabalux-indigo%2C-visilica-1xe27-crna-metal-drvo> (referer: https://www.tehnomedia.rs/sitemap/products-1.xml)
2026-09-12 11:41:57 [scrapy.core.engine] DEBUG: Crawled (200) <GET https://www.tehnomedia.rs/proizvod/rabalux-indigo%2C-zidna-lampa-1xe27%2C-crna-metal-drvo> (referer: https://www.tehnomedia.rs/sitemap/products-1.xml)
2026-09-12 11:41:58 [scrapy.core.engine] DEBUG: Crawled (200) <GET https://www.tehnomedia.rs/proizvod/rabalux-rob-plafonjera--led-32w-4000k-bela-cetvrtasta-32x32cm> (referer: https://www.tehnomedia.rs/sitemap/products-1.xml)
2026-09-12 11:42:00 [scrapy.core.engine] DEBUG: Crawled (200) <GET https://www.tehnomedia.rs/proizvod/rabalux-rob-plafonjera--led-20w-4000k%2C-bela-cetvrtasta-28x28cm> (referer: https://www.tehnomedia.rs/sitemap/products-1.xml)
2026-09-12 11:42:01 [scrapy.core.engine] DEBUG: Crawled (200) <GET https://www.tehnomedia.rs/proizvod/rabalux-rob-plafonjera-led-32w%2C-4000k%2C-bela-okrugla%2C-38cm> (referer: https://www.tehnomedia.rs/sitemap/products-1.xml)
2026-09-12 11:42:02 [scrapy.core.engine] DEBUG: Crawled (200) <GET https://www.tehnomedia.rs/proizvod/rabalux-rob-plafonjera-led-20w%2C-4000k%2C-bela-okrugla%2C-29cm> (referer: https://www.tehnomedia.rs/sitemap/products-1.xml)
2026-09-12 11:42:03 [scrapy.core.engine] DEBUG: Crawled (200) <GET https://www.tehnomedia.rs/proizvod/rabalux-pumpkin%2C-unutra%C5%A1nja-indirect-nocno-svetlo%2C-bela%2C-plastika> (referer: https://www.tehnomedia.rs/sitemap/products-1.xml)
2026-09-12 11:42:04 [scrapy.core.engine] DEBUG: Crawled (200) <GET https://www.tehnomedia.rs/proizvod/rabalux-pumpkin%2C-unutra%C5%A1nja-nocno-svetlo%2C-bela%2C-plastika> (referer: https://www.tehnomedia.rs/sitemap/products-1.xml)
2026-09-12 11:42:06 [scrapy.core.engine] DEBUG: Crawled (200) <GET https://www.tehnomedia.rs/proizvod/rabalux-kaia-visilica-lampa-e27-1x40w%2Cbelo> (referer: https://www.tehnomedia.rs/sitemap/products-1.xml)
2026-09-12 11:42:07 [scrapy.core.engine] DEBUG: Crawled (200) <GET https://www.tehnomedia.rs/proizvod/rabalux-kaia-visilica--e27-1x40w%2Ccrno-zlatno> (referer: https://www.tehnomedia.rs/sitemap/products-1.xml)
2026-09-12 11:42:08 [scrapy.core.engine] DEBUG: Crawled (200) <GET https://www.tehnomedia.rs/proizvod/rabalux-manorca-visilica-e27-1x40w%2Ccrno-zlatno> (referer: https://www.tehnomedia.rs/sitemap/products-1.xml)
2026-09-12 11:42:10 [scrapy.core.engine] DEBUG: Crawled (200) <GET https://www.tehnomedia.rs/proizvod/rabalux-joel-luster-e27-5x60w%2C-bronza> (referer: https://www.tehnomedia.rs/sitemap/products-1.xml)
2026-09-12 11:42:11 [scrapy.core.engine] DEBUG: Crawled (200) <GET https://www.tehnomedia.rs/proizvod/rabalux-flint%2C-podna-lampa-e27%2C-be%C5%BE-metalna> (referer: https://www.tehnomedia.rs/sitemap/products-1.xml)
2026-09-12 11:42:12 [scrapy.core.engine] DEBUG: Crawled (200) <GET https://www.tehnomedia.rs/proizvod/rabalux-flint%2C-podna-lampa-e27-crna-metalna> (referer: https://www.tehnomedia.rs/sitemap/products-1.xml)
2026-09-12 11:42:14 [scrapy.core.engine] DEBUG: Crawled (200) <GET https://www.tehnomedia.rs/proizvod/rabalux-flint%2C-stona-lampa-e14%2C-be%C5%BE-metalna> (referer: https://www.tehnomedia.rs/sitemap/products-1.xml)
2026-09-12 11:42:15 [scrapy.core.engine] DEBUG: Crawled (200) <GET https://www.tehnomedia.rs/proizvod/rabalux-flint%2C-stona-lampa-e14%2C-crna-metalna> (referer: https://www.tehnomedia.rs/sitemap/products-1.xml)
2026-09-12 11:42:16 [scrapy.core.engine] DEBUG: Crawled (200) <GET https://www.tehnomedia.rs/proizvod/rabalux-pallas%2C-luster%2C-led---36w--2430lm%2C-4000k-> (referer: https://www.tehnomedia.rs/sitemap/products-1.xml)
2026-09-12 11:42:17 [scrapy.core.engine] DEBUG: Crawled (200) <GET https://www.tehnomedia.rs/proizvod/rabalux-pallas%2C-luster%2C-led---20w--1340lm%2C-4000k-> (referer: https://www.tehnomedia.rs/sitemap/products-1.xml)
2026-09-12 11:42:19 [scrapy.core.engine] DEBUG: Crawled (200) <GET https://www.tehnomedia.rs/proizvod/rabalux-avalon%2C-visilica%2C-led---75w> (referer: https://www.tehnomedia.rs/sitemap/products-1.xml)
2026-09-12 11:42:20 [scrapy.core.engine] DEBUG: Crawled (200) <GET https://www.tehnomedia.rs/proizvod/rabalux-avalon%2C-plafonjera%2C-led---50w> (referer: https://www.tehnomedia.rs/sitemap/products-1.xml)
2026-09-12 11:42:22 [scrapy.core.engine] DEBUG: Crawled (200) <GET https://www.tehnomedia.rs/proizvod/rabalux-caspar-visilica-10x60w%2Cmat-crno> (referer: https://www.tehnomedia.rs/sitemap/products-1.xml)
2026-09-12 11:42:23 [scrapy.core.engine] DEBUG: Crawled (200) <GET https://www.tehnomedia.rs/proizvod/rabalux-aristeo%2C-podna-lampa-e27%2C-metal-be%C5%BE-zlatna> (referer: https://www.tehnomedia.rs/sitemap/products-1.xml)
2026-09-12 11:42:24 [scrapy.core.engine] DEBUG: Crawled (200) <GET https://www.tehnomedia.rs/proizvod/rabalux-aristeo%2C-podna-lampa-e27%2C-metal-mat-crna-srebrna> (referer: https://www.tehnomedia.rs/sitemap/products-1.xml)
2026-09-12 11:42:26 [scrapy.core.engine] DEBUG: Crawled (200) <GET https://www.tehnomedia.rs/proizvod/rabalux-niagara%2C-plafonska-kupatilska-lampa%2C-e14---3x-max--4> (referer: https://www.tehnomedia.rs/sitemap/products-1.xml)
2026-09-12 11:42:27 [scrapy.core.engine] DEBUG: Crawled (200) <GET https://www.tehnomedia.rs/proizvod/rabalux-niagara%2C-zidna-kupatilska-lampa%2C-e14---1x-max--40w-i> (referer: https://www.tehnomedia.rs/sitemap/products-1.xml)
2026-09-12 11:42:28 [scrapy.core.engine] DEBUG: Crawled (200) <GET https://www.tehnomedia.rs/proizvod/rabalux-aniela-visilica-led-20w-1600lm-4000k> (referer: https://www.tehnomedia.rs/sitemap/products-1.xml)
2026-09-12 11:42:29 [scrapy.core.engine] DEBUG: Crawled (200) <GET https://www.tehnomedia.rs/proizvod/rabalux-aniela-ugradno-nadgradna-plafonjera-led-20w-1600lm-4> (referer: https://www.tehnomedia.rs/sitemap/products-1.xml)
2026-09-12 11:42:30 [scrapy.core.engine] DEBUG: Crawled (200) <GET https://www.tehnomedia.rs/proizvod/rabalux-evan%2C-plafonska-kupatilska-crna%2C-led-18w%2C-4000k> (referer: https://www.tehnomedia.rs/sitemap/products-1.xml)
2026-09-12 11:42:32 [scrapy.core.engine] DEBUG: Crawled (200) <GET https://www.tehnomedia.rs/proizvod/rabalux-evan%2C-zidna-kupatilska-crna%2C-led-18w%2C-4000k%2C-63cm> (referer: https://www.tehnomedia.rs/sitemap/products-1.xml)
2026-09-12 11:42:33 [scrapy.core.engine] DEBUG: Crawled (200) <GET https://www.tehnomedia.rs/proizvod/rabalux-evan%2C-zidna-kupatilska-crna%2C-led-12w%2C-4000k%2C-49cm> (referer: https://www.tehnomedia.rs/sitemap/products-1.xml)
2026-09-12 11:42:34 [scrapy.core.engine] DEBUG: Crawled (200) <GET https://www.tehnomedia.rs/proizvod/rabalux-alessandra-visilica-e27-3x60w%2Cmat-belo> (referer: https://www.tehnomedia.rs/sitemap/products-1.xml)
2026-09-12 11:42:35 [scrapy.core.engine] DEBUG: Crawled (200) <GET https://www.tehnomedia.rs/proizvod/rabalux-alessandra-visilica-e27-1x60w%2Cmat-belo> (referer: https://www.tehnomedia.rs/sitemap/products-1.xml)
2026-09-12 11:42:37 [scrapy.core.engine] DEBUG: Crawled (200) <GET https://www.tehnomedia.rs/proizvod/rabalux-alessandra-visilica-e27-3x60w%2Cmat-crno> (referer: https://www.tehnomedia.rs/sitemap/products-1.xml)
2026-09-12 11:42:38 [scrapy.core.engine] DEBUG: Crawled (200) <GET https://www.tehnomedia.rs/proizvod/rabalux-alessandra-visilica-e27-1x60w%2Cmat-crno> (referer: https://www.tehnomedia.rs/sitemap/products-1.xml)
2026-09-12 11:42:40 [scrapy.core.engine] DEBUG: Crawled (200) <GET https://www.tehnomedia.rs/proizvod/rabalux-spot-relight%2C-ugradna-crna-rozetna-metal-okrugla> (referer: https://www.tehnomedia.rs/sitemap/products-1.xml)
2026-09-12 11:42:41 [scrapy.core.engine] DEBUG: Crawled (200) <GET https://www.tehnomedia.rs/proizvod/rabalux-spot-relight%2C-ugradna-crna-rozetna-metal-cetvrtasta> (referer: https://www.tehnomedia.rs/sitemap/products-1.xml)
2026-09-12 11:42:42 [scrapy.extensions.logstats] INFO: Crawled 139 pages (at 47 pages/min), scraped 5 items (at 0 items/min)
2026-09-12 11:42:42 [scrapy.core.engine] DEBUG: Crawled (200) <GET https://www.tehnomedia.rs/proizvod/rabalux-ariel%2C-unutra%C5%A1nja-keramicka-stona-lampa%2C-siva%2C-e14-g45-1xma> (referer: https://www.tehnomedia.rs/sitemap/products-1.xml)
2026-09-12 11:42:43 [scrapy.core.engine] DEBUG: Crawled (200) <GET https://www.tehnomedia.rs/proizvod/rabalux-ariel%2C-unutra%C5%A1nja-keramicka-stona-lampa%2C-braon%2C-e14-g45-1xm> (referer: https://www.tehnomedia.rs/sitemap/products-1.xml)
2026-09-12 11:42:45 [scrapy.core.engine] DEBUG: Crawled (200) <GET https://www.tehnomedia.rs/proizvod/rabalux-smd-led-panels%2C-providno%2C-metal-plastika%2C-24w%2C-3100lm> (referer: https://www.tehnomedia.rs/sitemap/products-1.xml)
2026-09-12 11:42:46 [scrapy.core.engine] DEBUG: Crawled (200) <GET https://www.tehnomedia.rs/proizvod/rabalux-smd-led-panels%2C-providno%2C-metal-plastika%2C-24w%2C-3000lm> (referer: https://www.tehnomedia.rs/sitemap/products-1.xml)
2026-09-12 11:42:48 [scrapy.core.engine] DEBUG: Crawled (200) <GET https://www.tehnomedia.rs/proizvod/rabalux-smd-led-panels%2C-providno%2C-metal-plastika%2C-16w%2C-2300lm> (referer: https://www.tehnomedia.rs/sitemap/products-1.xml)
2026-09-12 11:42:49 [scrapy.core.engine] DEBUG: Crawled (200) <GET https://www.tehnomedia.rs/proizvod/rabalux-smd-led-panels%2C-providno%2C-metal-plastika%2C-16w%2C-2000lm> (referer: https://www.tehnomedia.rs/sitemap/products-1.xml)
2026-09-12 11:42:50 [scrapy.core.engine] DEBUG: Crawled (200) <GET https://www.tehnomedia.rs/proizvod/rabalux-smd-led-panels%2C-providno%2C-metal-plastika%2C-12w%2C-1600lm> (referer: https://www.tehnomedia.rs/sitemap/products-1.xml)
2026-09-12 11:42:51 [scrapy.core.engine] DEBUG: Crawled (200) <GET https://www.tehnomedia.rs/proizvod/rabalux-smd-led-panels%2C-providno%2C-metal-plastika%2C-12w%2C-1450lm> (referer: https://www.tehnomedia.rs/sitemap/products-1.xml)
2026-09-12 11:42:53 [scrapy.core.engine] DEBUG: Crawled (200) <GET https://www.tehnomedia.rs/proizvod/rabalux-lupita%2C-plafonjera%2C-led---40w-2> (referer: https://www.tehnomedia.rs/sitemap/products-1.xml)
2026-09-12 11:42:54 [scrapy.core.engine] DEBUG: Crawled (200) <GET https://www.tehnomedia.rs/proizvod/rabalux-lupita%2C-plafonjera%2C-led---40w> (referer: https://www.tehnomedia.rs/sitemap/products-1.xml)
2026-09-12 11:42:55 [scrapy.core.engine] DEBUG: Crawled (200) <GET https://www.tehnomedia.rs/proizvod/rabalux-bruce%2C-led-plafonjera%2C--led-60w%2C-daljinski%2C-3000-6000k%2C-rgb%2C-75cm> (referer: https://www.tehnomedia.rs/sitemap/products-1.xml)
2026-09-12 11:42:57 [scrapy.core.engine] DEBUG: Crawled (200) <GET https://www.tehnomedia.rs/proizvod/rabalux-bruce%2C-led-plafonjera%2C--led-40w%2C-daljinski%2C-3000-6000k%2C-rgb%2C-59cm> (referer: https://www.tehnomedia.rs/sitemap/products-1.xml)
2026-09-12 11:42:58 [scrapy.core.engine] DEBUG: Crawled (200) <GET https://www.tehnomedia.rs/proizvod/rabalux-levon-zidna-lampa-led-12w-840lm-4000k-ip44%2C-60cm> (referer: https://www.tehnomedia.rs/sitemap/products-1.xml)
2026-09-12 11:43:00 [scrapy.core.engine] DEBUG: Crawled (200) <GET https://www.tehnomedia.rs/proizvod/rabalux-levon-zidna-lampa-led-8w-560lm%2C-4000k-ip44%2C-40cm> (referer: https://www.tehnomedia.rs/sitemap/products-1.xml)
2026-09-12 11:43:01 [scrapy.core.engine] DEBUG: Crawled (200) <GET https://www.tehnomedia.rs/proizvod/rabalux-becca-plafonska-lampa-g9-3x28w-ip44-2> (referer: https://www.tehnomedia.rs/sitemap/products-1.xml)
2026-09-12 11:43:02 [scrapy.core.engine] DEBUG: Crawled (200) <GET https://www.tehnomedia.rs/proizvod/rabalux-becca-plafonska-lampa-g9-3x28w-ip44> (referer: https://www.tehnomedia.rs/sitemap/products-1.xml)
2026-09-12 11:43:03 [scrapy.core.engine] DEBUG: Crawled (200) <GET https://www.tehnomedia.rs/proizvod/rabalux-becca-plafonska-lampa-g9-2x28w-ip44> (referer: https://www.tehnomedia.rs/sitemap/products-1.xml)
2026-09-12 11:43:04 [scrapy.core.engine] DEBUG: Crawled (200) <GET https://www.tehnomedia.rs/proizvod/rabalux-becca-zidna-lampa-g9-28w-ip44-sa-utikacem> (referer: https://www.tehnomedia.rs/sitemap/products-1.xml)
2026-09-12 11:43:05 [scrapy.core.engine] DEBUG: Crawled (200) <GET https://www.tehnomedia.rs/proizvod/rabalux-lanny-visilica-led%2Ce27-6x60w%2Ccrno> (referer: https://www.tehnomedia.rs/sitemap/products-1.xml)
2026-09-12 11:43:07 [scrapy.core.engine] DEBUG: Crawled (200) <GET https://www.tehnomedia.rs/proizvod/rabalux-lanny-plafonjera-led-%2Ce27%2C6x15w> (referer: https://www.tehnomedia.rs/sitemap/products-1.xml)
2026-09-12 11:43:08 [scrapy.core.engine] DEBUG: Crawled (200) <GET https://www.tehnomedia.rs/proizvod/rabalux-bruno%2C-unutra%C5%A1nja-stona-lampa%2C-crna%2C-metal-drvo%2C-e27> (referer: https://www.tehnomedia.rs/sitemap/products-1.xml)
2026-09-12 11:43:10 [scrapy.core.engine] DEBUG: Crawled (200) <GET https://www.tehnomedia.rs/proizvod/rabalux-filament-led-sijalica%2C-providno%2C-metal-staklo%2C-e27-st> (referer: https://www.tehnomedia.rs/sitemap/products-1.xml)
2026-09-12 11:43:11 [scrapy.core.engine] DEBUG: Crawled (200) <GET https://www.tehnomedia.rs/proizvod/rabalux-filament-led-sijalica%2C-milky%2C-metal-staklo%2C-e27-st64> (referer: https://www.tehnomedia.rs/sitemap/products-1.xml)
2026-09-12 11:43:12 [scrapy.core.engine] DEBUG: Crawled (200) <GET https://www.tehnomedia.rs/proizvod/rabalux-solo%2C-plafonska-crna-metal-spot-lamp%2C-4xgu10> (referer: https://www.tehnomedia.rs/sitemap/products-1.xml)
2026-09-12 11:43:13 [scrapy.core.engine] DEBUG: Crawled (200) <GET https://www.tehnomedia.rs/proizvod/rabalux-solo%2C-plafonska-crna-metal-spot-lamp%2C-2xgu10> (referer: https://www.tehnomedia.rs/sitemap/products-1.xml)
2026-09-12 11:43:14 [scrapy.core.engine] DEBUG: Crawled (200) <GET https://www.tehnomedia.rs/proizvod/rabalux-solo%2C-zidna-crna-metal-spot-lamp%2C-1xgu10-sa-prekidacem> (referer: https://www.tehnomedia.rs/sitemap/products-1.xml)
2026-09-12 11:43:16 [scrapy.core.engine] DEBUG: Crawled (200) <GET https://www.tehnomedia.rs/proizvod/rabalux-solo%2C-plafonska-bela-metal-spot-lamp%2C-4xgu10> (referer: https://www.tehnomedia.rs/sitemap/products-1.xml)
2026-09-12 11:43:17 [scrapy.core.engine] DEBUG: Crawled (200) <GET https://www.tehnomedia.rs/proizvod/rabalux-solo%2C-plafonska-bela-metal-spot-lamp%2C-2xgu10> (referer: https://www.tehnomedia.rs/sitemap/products-1.xml)
2026-09-12 11:43:19 [scrapy.core.engine] DEBUG: Crawled (200) <GET https://www.tehnomedia.rs/proizvod/rabalux-solo%2C-bela-metal-spot-zidna-lampa%2C-1xgu10%2C-sa-prekidacem> (referer: https://www.tehnomedia.rs/sitemap/products-1.xml)
2026-09-12 11:43:20 [scrapy.core.engine] DEBUG: Crawled (200) <GET https://www.tehnomedia.rs/proizvod/rabalux-filament-led-sijalica%2C-providno%2C-metal-staklo%2C-e27-g4-2> (referer: https://www.tehnomedia.rs/sitemap/products-1.xml)
2026-09-12 11:43:21 [scrapy.core.engine] DEBUG: Crawled (200) <GET https://www.tehnomedia.rs/proizvod/rabalux-filament-led-sijalica%2C-providno%2C-metal-staklo%2C-e27-g4> (referer: https://www.tehnomedia.rs/sitemap/products-1.xml)
2026-09-12 11:43:23 [scrapy.core.engine] DEBUG: Crawled (200) <GET https://www.tehnomedia.rs/proizvod/rabalux-smd-led-sijalica%2C-belo%2C-metal-plastika%2C-e14-g45%2C-dimm-2> (referer: https://www.tehnomedia.rs/sitemap/products-1.xml)
2026-09-12 11:43:24 [scrapy.core.engine] DEBUG: Crawled (200) <GET https://www.tehnomedia.rs/proizvod/rabalux-smd-led-sijalica%2C-belo%2C-metal-plastika%2C-e14-g45%2C-dimm> (referer: https://www.tehnomedia.rs/sitemap/products-1.xml)
2026-09-12 11:43:25 [scrapy.core.engine] DEBUG: Crawled (200) <GET https://www.tehnomedia.rs/proizvod/rabalux-lychee%2C-unutra%C5%A1nja-stona-lampa%2C-crna-lamp-sa-crna-tex> (referer: https://www.tehnomedia.rs/sitemap/products-1.xml)
2026-09-12 11:43:25 [scrapy.core.engine] DEBUG: Crawled (200) <GET https://www.tehnomedia.rs/proizvod/rabalux-lychee%2C-stona-lampa-e14%2C-drveno-postolje%2C-be%C5%BE-aba%C5%BEur> (referer: https://www.tehnomedia.rs/sitemap/products-1.xml)
2026-09-12 11:43:26 [scrapy.core.engine] DEBUG: Crawled (200) <GET https://www.tehnomedia.rs/proizvod/rabalux-matt%2C-zidna-kupatilska-lampa%2C-led---10w-960lm%2C-4000k> (referer: https://www.tehnomedia.rs/sitemap/products-1.xml)
2026-09-12 11:43:28 [scrapy.core.engine] DEBUG: Crawled (200) <GET https://www.tehnomedia.rs/proizvod/rabalux-matt%2C-zidna-kupatislka-lampa%2C-led-10w-960lm%2C-4000k-> (referer: https://www.tehnomedia.rs/sitemap/products-1.xml)
2026-09-12 11:43:29 [scrapy.core.engine] DEBUG: Crawled (200) <GET https://www.tehnomedia.rs/proizvod/rabalux-kobald%2C-nadgradni-spot%2C-e27---g45---1x-max--25w-2> (referer: https://www.tehnomedia.rs/sitemap/products-1.xml)
2026-09-12 11:43:30 [scrapy.core.engine] DEBUG: Crawled (200) <GET https://www.tehnomedia.rs/proizvod/rabalux-kobald%2C-nadgradni-spot%2C-e27---g45---1x-max--25w> (referer: https://www.tehnomedia.rs/sitemap/products-1.xml)
2026-09-12 11:43:31 [scrapy.core.engine] DEBUG: Crawled (200) <GET https://www.tehnomedia.rs/proizvod/rabalux-kobald%2C-nadgradni-spot%2C-gu10---2x-max--42w-4> (referer: https://www.tehnomedia.rs/sitemap/products-1.xml)
2026-09-12 11:43:33 [scrapy.core.engine] DEBUG: Crawled (200) <GET https://www.tehnomedia.rs/proizvod/rabalux-kobald%2C-nadgradni-spot%2C-gu10---2x-max--42w-2> (referer: https://www.tehnomedia.rs/sitemap/products-1.xml)
2026-09-12 11:43:34 [scrapy.core.engine] DEBUG: Crawled (200) <GET https://www.tehnomedia.rs/proizvod/rabalux-kobald%2C-nadgradni-spot%2C-gu10---1x-max--42w-4> (referer: https://www.tehnomedia.rs/sitemap/products-1.xml)
2026-09-12 11:43:36 [scrapy.core.engine] DEBUG: Crawled (200) <GET https://www.tehnomedia.rs/proizvod/rabalux-kobald%2C-nadgradni-spot%2C-gu10---1x-max--42w-3> (referer: https://www.tehnomedia.rs/sitemap/products-1.xml)
2026-09-12 11:43:37 [scrapy.core.engine] DEBUG: Crawled (200) <GET https://www.tehnomedia.rs/proizvod/rabalux-kobald%2C-nadgradni-spot%2C-gu10---1x-max--42w-2> (referer: https://www.tehnomedia.rs/sitemap/products-1.xml)
2026-09-12 11:43:38 [scrapy.core.engine] DEBUG: Crawled (200) <GET https://www.tehnomedia.rs/proizvod/rabalux-kobald%2C-nadgradni-spot%2C-gu10---1x-max--42w> (referer: https://www.tehnomedia.rs/sitemap/products-1.xml)
2026-09-12 11:43:39 [scrapy.core.engine] DEBUG: Crawled (200) <GET https://www.tehnomedia.rs/proizvod/rabalux-nilfgard%2C-unutra%C5%A1nja-stona-lampa%2C-srebrna-aluminium> (referer: https://www.tehnomedia.rs/sitemap/products-1.xml)
2026-09-12 11:43:40 [scrapy.core.engine] DEBUG: Crawled (200) <GET https://www.tehnomedia.rs/proizvod/rabalux-filament-led-sijalica%2C-smoky%2C-metal-staklo%2C-e14-g45> (referer: https://www.tehnomedia.rs/sitemap/products-1.xml)
2026-09-12 11:43:42 [scrapy.core.engine] DEBUG: Crawled (200) <GET https://www.tehnomedia.rs/proizvod/rabalux-filament-led-sijalica%2C-amber%2C-metal-staklo%2C-e14-g45> (referer: https://www.tehnomedia.rs/sitemap/products-1.xml)
2026-09-12 11:43:42 [scrapy.extensions.logstats] INFO: Crawled 187 pages (at 48 pages/min), scraped 5 items (at 0 items/min)
2026-09-12 11:43:43 [scrapy.core.engine] DEBUG: Crawled (200) <GET https://www.tehnomedia.rs/proizvod/rabalux-lagertha%2C-plafonjera%2C-led---36w> (referer: https://www.tehnomedia.rs/sitemap/products-1.xml)
2026-09-12 11:43:44 [scrapy.core.engine] DEBUG: Crawled (200) <GET https://www.tehnomedia.rs/proizvod/rabalux-sijalica-filament-led-e14-c35-2%2C5w-136lm-2000k> (referer: https://www.tehnomedia.rs/sitemap/products-1.xml)
2026-09-12 11:43:45 [scrapy.core.engine] DEBUG: Crawled (200) <GET https://www.tehnomedia.rs/proizvod/rabalux-sijalica-smd-led-g9-8w-800lm-4000k> (referer: https://www.tehnomedia.rs/sitemap/products-1.xml)
2026-09-12 11:43:46 [scrapy.core.engine] DEBUG: Crawled (200) <GET https://www.tehnomedia.rs/proizvod/rabalux-sijalica-filament-led-e27-a67-11w-1500lm-4000k> (referer: https://www.tehnomedia.rs/sitemap/products-1.xml)
2026-09-12 11:43:48 [scrapy.core.engine] DEBUG: Crawled (200) <GET https://www.tehnomedia.rs/proizvod/rabalux-sijalica-filament-led-e27-a67-11w-1500lm-2700k> (referer: https://www.tehnomedia.rs/sitemap/products-1.xml)
2026-09-12 11:43:49 [scrapy.core.engine] DEBUG: Crawled (200) <GET https://www.tehnomedia.rs/proizvod/rabalux-filament-smart-wifi-led-sijalica%2C-providno%2C-metal-sta-3> (referer: https://www.tehnomedia.rs/sitemap/products-1.xml)
2026-09-12 11:43:50 [scrapy.core.engine] DEBUG: Crawled (200) <GET https://www.tehnomedia.rs/proizvod/rabalux-filament-smart-wifi-led-sijalica%2C-providno%2C-metal-sta-2> (referer: https://www.tehnomedia.rs/sitemap/products-1.xml)
2026-09-12 11:43:51 [scrapy.core.engine] DEBUG: Crawled (200) <GET https://www.tehnomedia.rs/proizvod/rabalux-filament-smart-wifi-led-sijalica%2C-providno%2C-metal-sta> (referer: https://www.tehnomedia.rs/sitemap/products-1.xml)
2026-09-12 11:43:53 [scrapy.core.engine] DEBUG: Crawled (200) <GET https://www.tehnomedia.rs/proizvod/rabalux-smd-led-sijalica%2C-belo%2C-metal-plastika%2C-e27-a65%2C-2450> (referer: https://www.tehnomedia.rs/sitemap/products-1.xml)
2026-09-12 11:43:54 [scrapy.core.engine] DEBUG: Crawled (200) <GET https://www.tehnomedia.rs/proizvod/rabalux-jolly-d30-zidna-lampa-1x60w> (referer: https://www.tehnomedia.rs/sitemap/products-1.xml)
2026-09-12 11:43:55 [scrapy.core.engine] DEBUG: Crawled (200) <GET https://www.tehnomedia.rs/proizvod/rabalux-smd-led-sijalica%2C-frosted%2C-plastic%2C-g4%2C-140lm%2C-2w%2C-40> (referer: https://www.tehnomedia.rs/sitemap/products-1.xml)
2026-09-12 11:43:56 [scrapy.core.engine] DEBUG: Crawled (200) <GET https://www.tehnomedia.rs/proizvod/rabalux-smd-led-sijalica%2C-frosted%2C-plastic%2C-g4%2C-140lm%2C-2w%2C-30> (referer: https://www.tehnomedia.rs/sitemap/products-1.xml)
2026-09-12 11:43:58 [scrapy.core.engine] DEBUG: Crawled (200) <GET https://www.tehnomedia.rs/proizvod/rabalux-cob-led-sijalica%2C-providno%2C-metal-staklo%2C-g4%2C-230lm-2> (referer: https://www.tehnomedia.rs/sitemap/products-1.xml)
2026-09-12 11:43:59 [scrapy.core.engine] DEBUG: Crawled (200) <GET https://www.tehnomedia.rs/proizvod/rabalux-cob-led-sijalica%2C-providno%2C-metal-staklo%2C-g4%2C-230lm> (referer: https://www.tehnomedia.rs/sitemap/products-1.xml)
2026-09-12 11:44:01 [scrapy.core.engine] DEBUG: Crawled (200) <GET https://www.tehnomedia.rs/proizvod/rabalux-art-gold-plafonjera-e27-2x60w> (referer: https://www.tehnomedia.rs/sitemap/products-1.xml)
2026-09-12 11:44:02 [scrapy.core.engine] DEBUG: Crawled (200) <GET https://www.tehnomedia.rs/proizvod/rabalux-art-gold-plafonjera-e27-60w> (referer: https://www.tehnomedia.rs/sitemap/products-1.xml)
2026-09-12 11:44:03 [scrapy.core.engine] DEBUG: Crawled (200) <GET https://www.tehnomedia.rs/proizvod/rabalux-art-gold-zidna-lampa-e27-60w> (referer: https://www.tehnomedia.rs/sitemap/products-1.xml)
2026-09-12 11:44:04 [scrapy.core.engine] DEBUG: Crawled (200) <GET https://www.tehnomedia.rs/proizvod/rabalux-sijalica-led-filament-e27-g95-12w-4000k> (referer: https://www.tehnomedia.rs/sitemap/products-1.xml)
2026-09-12 11:44:05 [scrapy.core.engine] DEBUG: Crawled (200) <GET https://www.tehnomedia.rs/proizvod/rabalux-sijalica-led-filament-e27-g95-12w-3000k> (referer: https://www.tehnomedia.rs/sitemap/products-1.xml)
2026-09-12 11:44:06 [scrapy.core.engine] DEBUG: Crawled (200) <GET https://www.tehnomedia.rs/proizvod/rabalux-sijalica-led-filament-e27-a68-12w-4000k> (referer: https://www.tehnomedia.rs/sitemap/products-1.xml)
2026-09-12 11:44:07 [scrapy.core.engine] DEBUG: Crawled (200) <GET https://www.tehnomedia.rs/proizvod/rabalux-sijalica-led-filament-e27-a68-12w-2000lm-3000k> (referer: https://www.tehnomedia.rs/sitemap/products-1.xml)
2026-09-12 11:44:09 [scrapy.core.engine] DEBUG: Crawled (200) <GET https://www.tehnomedia.rs/proizvod/rabalux-jolly--visilica-d40-e27-60w-hrom> (referer: https://www.tehnomedia.rs/sitemap/products-1.xml)
2026-09-12 11:44:09 [scrapy.core.engine] DEBUG: Crawled (200) <GET https://www.tehnomedia.rs/proizvod/rabalux-jolly--plafonjera-400x400-e27-2x60w> (referer: https://www.tehnomedia.rs/sitemap/products-1.xml)
2026-09-12 11:44:11 [scrapy.core.engine] DEBUG: Crawled (200) <GET https://www.tehnomedia.rs/proizvod/rabalux-jolly-plafonjera-300x300-e27-60w> (referer: https://www.tehnomedia.rs/sitemap/products-1.xml)
2026-09-12 11:44:12 [scrapy.core.engine] DEBUG: Crawled (200) <GET https://www.tehnomedia.rs/proizvod/rabalux-bloomy-visilica-d30-e27-60w%2C-belo> (referer: https://www.tehnomedia.rs/sitemap/products-1.xml)
2026-09-12 11:44:13 [scrapy.core.engine] DEBUG: Crawled (200) <GET https://www.tehnomedia.rs/proizvod/rabalux-bloomy-plafonjera-d25-e27-60w%2C-belo> (referer: https://www.tehnomedia.rs/sitemap/products-1.xml)
2026-09-12 11:44:14 [scrapy.core.engine] DEBUG: Crawled (200) <GET https://www.tehnomedia.rs/proizvod/rabalux-scroll-plafonjera-d25-e27-60w%2C-belo> (referer: https://www.tehnomedia.rs/sitemap/products-1.xml)
2026-09-12 11:44:15 [scrapy.core.engine] DEBUG: Crawled (200) <GET https://www.tehnomedia.rs/proizvod/rabalux-ada-plafonjera-d25-e27-60w%2C-belo> (referer: https://www.tehnomedia.rs/sitemap/products-1.xml)
2026-09-12 11:44:16 [scrapy.core.engine] DEBUG: Crawled (200) <GET https://www.tehnomedia.rs/proizvod/rabalux-spiral-plafonjera-d25-e27-60w-belo> (referer: https://www.tehnomedia.rs/sitemap/products-1.xml)
2026-09-12 11:44:18 [scrapy.core.engine] DEBUG: Crawled (200) <GET https://www.tehnomedia.rs/proizvod/rabalux-soley-plafonjera-d40-e27-2x60w-belo> (referer: https://www.tehnomedia.rs/sitemap/products-1.xml)
2026-09-12 11:44:18 [scrapy.core.engine] DEBUG: Crawled (200) <GET https://www.tehnomedia.rs/proizvod/rabalux-soley-plafonjera-d30-e27-60w-belo> (referer: https://www.tehnomedia.rs/sitemap/products-1.xml)
2026-09-12 11:44:20 [scrapy.core.engine] DEBUG: Crawled (200) <GET https://www.tehnomedia.rs/proizvod/rabalux-soley-zidna-lampad30-e27-60w-belo> (referer: https://www.tehnomedia.rs/sitemap/products-1.xml)
2026-09-12 11:44:21 [scrapy.core.engine] DEBUG: Crawled (200) <GET https://www.tehnomedia.rs/proizvod/rabalux-simple-plafonjera-e27-60w> (referer: https://www.tehnomedia.rs/sitemap/products-1.xml)
2026-09-12 11:44:22 [scrapy.core.engine] DEBUG: Crawled (200) <GET https://www.tehnomedia.rs/proizvod/rabalux-sijalica-eco-halogen-light-source-g9-28w-2-pcs> (referer: https://www.tehnomedia.rs/sitemap/products-1.xml)
2026-09-12 11:44:23 [scrapy.core.engine] DEBUG: Crawled (200) <GET https://www.tehnomedia.rs/proizvod/rabalux-sijalica-eco-halogen-r7s---78mm-120w> (referer: https://www.tehnomedia.rs/sitemap/products-1.xml)
2026-09-12 11:44:24 [scrapy.core.engine] DEBUG: Crawled (200) <GET https://www.tehnomedia.rs/proizvod/rabalux-sijalica-eco-halogen-r7s---78mm-80w> (referer: https://www.tehnomedia.rs/sitemap/products-1.xml)
2026-09-12 11:44:25 [scrapy.core.engine] DEBUG: Crawled (200) <GET https://www.tehnomedia.rs/proizvod/rabalux-sijalica-eco-halogen-r7s---118mm-120w> (referer: https://www.tehnomedia.rs/sitemap/products-1.xml)
2026-09-12 11:44:27 [scrapy.core.engine] DEBUG: Crawled (200) <GET https://www.tehnomedia.rs/proizvod/rabalux-tube-t5-21w> (referer: https://www.tehnomedia.rs/sitemap/products-1.xml)
2026-09-12 11:44:28 [scrapy.core.engine] DEBUG: Crawled (200) <GET https://www.tehnomedia.rs/proizvod/rabalux-tube-t5-13w> (referer: https://www.tehnomedia.rs/sitemap/products-1.xml)
2026-09-12 11:44:29 [scrapy.core.engine] DEBUG: Crawled (200) <GET https://www.tehnomedia.rs/proizvod/rabalux-tube-t5-8w> (referer: https://www.tehnomedia.rs/sitemap/products-1.xml)
2026-09-12 11:44:31 [scrapy.core.engine] DEBUG: Crawled (200) <GET https://www.tehnomedia.rs/proizvod/rabalux-tube-t4-30w> (referer: https://www.tehnomedia.rs/sitemap/products-1.xml)
2026-09-12 11:44:32 [scrapy.core.engine] DEBUG: Crawled (200) <GET https://www.tehnomedia.rs/proizvod/rabalux-tube-t4-20w> (referer: https://www.tehnomedia.rs/sitemap/products-1.xml)
2026-09-12 11:44:33 [scrapy.core.engine] DEBUG: Crawled (200) <GET https://www.tehnomedia.rs/proizvod/rabalux-tube-t4-16w> (referer: https://www.tehnomedia.rs/sitemap/products-1.xml)
2026-09-12 11:44:34 [scrapy.core.engine] DEBUG: Crawled (200) <GET https://www.tehnomedia.rs/proizvod/rabalux-tube-t4-12w> (referer: https://www.tehnomedia.rs/sitemap/products-1.xml)
2026-09-12 11:44:35 [scrapy.core.engine] DEBUG: Crawled (200) <GET https://www.tehnomedia.rs/proizvod/rabalux-sijalica-led-e27%2C-7w%2C-870-lm%2C-4000k> (referer: https://www.tehnomedia.rs/sitemap/products-1.xml)
2026-09-12 11:44:36 [scrapy.core.engine] DEBUG: Crawled (200) <GET https://www.tehnomedia.rs/proizvod/rabalux-sijalica-led-e14%2C-4w%2C-470-lm%2C-4000k> (referer: https://www.tehnomedia.rs/sitemap/products-1.xml)
2026-09-12 11:44:37 [scrapy.core.engine] DEBUG: Crawled (200) <GET https://www.tehnomedia.rs/proizvod/rabalux-sijalica-led-filament-e27%2C-6w%2C-510-lm%2C-2700k-2> (referer: https://www.tehnomedia.rs/sitemap/products-1.xml)
2026-09-12 11:44:39 [scrapy.core.engine] DEBUG: Crawled (200) <GET https://www.tehnomedia.rs/proizvod/rabalux-sijalica-led-filament-e27%2C-6w%2C-510-lm%2C-2700k> (referer: https://www.tehnomedia.rs/sitemap/products-1.xml)
2026-09-12 11:44:40 [scrapy.core.engine] DEBUG: Crawled (200) <GET https://www.tehnomedia.rs/proizvod/rabalux-sijalica-led-filament-e27-10w%2C-850-lm%2C-2700k> (referer: https://www.tehnomedia.rs/sitemap/products-1.xml)
2026-09-12 11:44:42 [scrapy.core.engine] DEBUG: Crawled (200) <GET https://www.tehnomedia.rs/proizvod/rabalux-sijalica-led-filament-e14%2C-4w%2C-350-lm%2C-2700k-2> (referer: https://www.tehnomedia.rs/sitemap/products-1.xml)
2026-09-12 11:44:42 [scrapy.extensions.logstats] INFO: Crawled 237 pages (at 50 pages/min), scraped 5 items (at 0 items/min)
2026-09-12 11:44:43 [scrapy.core.engine] DEBUG: Crawled (200) <GET https://www.tehnomedia.rs/proizvod/rabalux-sijalica-led-filament-e14%2C-4w%2C-350-lm%2C-2700k> (referer: https://www.tehnomedia.rs/sitemap/products-1.xml)
2026-09-12 11:44:44 [scrapy.core.engine] DEBUG: Crawled (200) <GET https://www.tehnomedia.rs/proizvod/rabalux-sijalica-led-e27%2C-8w%2C-640lm%2C-4000k> (referer: https://www.tehnomedia.rs/sitemap/products-1.xml)
2026-09-12 11:44:44 [scrapy.core.engine] DEBUG: Crawled (200) <GET https://www.tehnomedia.rs/proizvod/rabalux-sijalica-led-e27%2C-8w%2C-630-lm%2C-3000k> (referer: https://www.tehnomedia.rs/sitemap/products-1.xml)
2026-09-12 11:44:46 [scrapy.core.engine] DEBUG: Crawled (200) <GET https://www.tehnomedia.rs/proizvod/rabalux-sijalica-led-filament-e27-a60-6-5w-800lm-4000k-mlecna> (referer: https://www.tehnomedia.rs/sitemap/products-1.xml)
2026-09-12 11:44:47 [scrapy.core.engine] DEBUG: Crawled (200) <GET https://www.tehnomedia.rs/proizvod/rabalux-sijalica-led-filament-e27-a60-6-5w-800lm-2700k-mlecna> (referer: https://www.tehnomedia.rs/sitemap/products-1.xml)
2026-09-12 11:44:49 [scrapy.core.engine] DEBUG: Crawled (200) <GET https://www.tehnomedia.rs/proizvod/rabalux-sijalica-led-e27%2C-7w%2C-850-lm%2C-2700k> (referer: https://www.tehnomedia.rs/sitemap/products-1.xml)
2026-09-12 11:44:50 [scrapy.core.engine] DEBUG: Crawled (200) <GET https://www.tehnomedia.rs/proizvod/rabalux-sijalica-led-e14%2C-4w%2C-450-lm%2C-2700k> (referer: https://www.tehnomedia.rs/sitemap/products-1.xml)
2026-09-12 11:44:51 [scrapy.core.engine] DEBUG: Crawled (200) <GET https://www.tehnomedia.rs/proizvod/rabalux-sijalica-led-e14%2C-1%2C8w%2C-130-lm%2C-4000k> (referer: https://www.tehnomedia.rs/sitemap/products-1.xml)
2026-09-12 11:44:53 [scrapy.core.engine] DEBUG: Crawled (200) <GET https://www.tehnomedia.rs/proizvod/rabalux-sijalica-led-e14%2C-1%2C8w%2C-120-lm%2C-3000k> (referer: https://www.tehnomedia.rs/sitemap/products-1.xml)
2026-09-12 11:44:54 [scrapy.core.engine] DEBUG: Crawled (200) <GET https://www.tehnomedia.rs/proizvod/rabalux-sijalica-led-e27%2C-14w%2C-1521-lm%2C-2700k> (referer: https://www.tehnomedia.rs/sitemap/products-1.xml)
2026-09-12 11:44:54 [scrapy.core.engine] DEBUG: Crawled (200) <GET https://www.tehnomedia.rs/proizvod/rabalux-sijalica-led-e27%2C-14w%2C-1521-lm%2C-4000k> (referer: https://www.tehnomedia.rs/sitemap/products-1.xml)
2026-09-12 11:44:55 [scrapy.core.engine] DEBUG: Crawled (200) <GET https://www.tehnomedia.rs/proizvod/rabalux-sijalica-smd-led-gu10-6w-450lm-4000k-dimabilna> (referer: https://www.tehnomedia.rs/sitemap/products-1.xml)
2026-09-12 11:44:57 [scrapy.core.engine] DEBUG: Crawled (200) <GET https://www.tehnomedia.rs/proizvod/rabalux-sijalica-led-e14%2C-7w%2C-590lm%2C-6500k> (referer: https://www.tehnomedia.rs/sitemap/products-1.xml)
2026-09-12 11:44:58 [scrapy.core.engine] DEBUG: Crawled (200) <GET https://www.tehnomedia.rs/proizvod/rabalux-sijalica-led-e27%2C-12w%2C-1090lm%2C-6500k> (referer: https://www.tehnomedia.rs/sitemap/products-1.xml)
2026-09-12 11:44:59 [scrapy.core.engine] DEBUG: Crawled (200) <GET https://www.tehnomedia.rs/proizvod/rabalux-sijalica-led-e14-c37-8w-760lm-4000k> (referer: https://www.tehnomedia.rs/sitemap/products-1.xml)
2026-09-12 11:45:00 [scrapy.core.engine] DEBUG: Crawled (200) <GET https://www.tehnomedia.rs/proizvod/rabalux-sijalica-e27%2C-6w%2C-800lm%2C-4000k> (referer: https://www.tehnomedia.rs/sitemap/products-1.xml)
2026-09-12 11:45:02 [scrapy.core.engine] DEBUG: Crawled (200) <GET https://www.tehnomedia.rs/proizvod/rabalux-sijalica-e27%2C-6w%2C-780lm%2C-2700k> (referer: https://www.tehnomedia.rs/sitemap/products-1.xml)
2026-09-12 11:45:03 [scrapy.core.engine] DEBUG: Crawled (200) <GET https://www.tehnomedia.rs/proizvod/rabalux-sijalica-e14%2C-4w%2C-350lm%2C-4000k-2> (referer: https://www.tehnomedia.rs/sitemap/products-1.xml)
2026-09-12 11:45:04 [scrapy.core.engine] DEBUG: Crawled (200) <GET https://www.tehnomedia.rs/proizvod/rabalux-sijalica-e14%2C-4w%2C-350lm%2C-2700k-2> (referer: https://www.tehnomedia.rs/sitemap/products-1.xml)
2026-09-12 11:45:06 [scrapy.core.engine] DEBUG: Crawled (200) <GET https://www.tehnomedia.rs/proizvod/rabalux-sijalica-e14%2C-4w%2C-350lm%2C-4000k> (referer: https://www.tehnomedia.rs/sitemap/products-1.xml)
2026-09-12 11:45:06 [scrapy.core.engine] DEBUG: Crawled (200) <GET https://www.tehnomedia.rs/proizvod/rabalux-sijalica-e14%2C-4w%2C-350lm%2C-2700k> (referer: https://www.tehnomedia.rs/sitemap/products-1.xml)
2026-09-12 11:45:08 [scrapy.core.engine] DEBUG: Crawled (200) <GET https://www.tehnomedia.rs/proizvod/rabalux-sijalicae27%2C-10w%2C-850lm%2C-4000k> (referer: https://www.tehnomedia.rs/sitemap/products-1.xml)
2026-09-12 11:45:09 [scrapy.core.engine] DEBUG: Crawled (200) <GET https://www.tehnomedia.rs/proizvod/rabalux-sijalica-e27%2C-10w%2C-850lm%2C-2700k> (referer: https://www.tehnomedia.rs/sitemap/products-1.xml)
2026-09-12 11:45:10 [scrapy.core.engine] DEBUG: Crawled (200) <GET https://www.tehnomedia.rs/proizvod/rabalux-justin-stona-lampa-led-4w-4000k> (referer: https://www.tehnomedia.rs/sitemap/products-1.xml)
2026-09-12 11:45:12 [scrapy.core.engine] DEBUG: Crawled (200) <GET https://www.tehnomedia.rs/proizvod/rabalux-led-rgb-wifi-smart-sijalica-e27---a60---led---6w> (referer: https://www.tehnomedia.rs/sitemap/products-1.xml)
2026-09-12 11:45:13 [scrapy.core.engine] DEBUG: Crawled (200) <GET https://www.tehnomedia.rs/proizvod/rabalux-leonie-plafonska-lampa-led-32w-2400lm> (referer: https://www.tehnomedia.rs/sitemap/products-1.xml)
2026-09-12 11:45:14 [scrapy.core.engine] DEBUG: Crawled (200) <GET https://www.tehnomedia.rs/proizvod/rabalux-sonnet-ugradna-i-nadgradna-plafonjera-led-30w-2800lm-2> (referer: https://www.tehnomedia.rs/sitemap/products-1.xml)
2026-09-12 11:45:16 [scrapy.core.engine] DEBUG: Crawled (200) <GET https://www.tehnomedia.rs/proizvod/rabalux-sonnet-ugradna-i-nadgradna-plafonjera-led-18w-1500lm-2> (referer: https://www.tehnomedia.rs/sitemap/products-1.xml)
2026-09-12 11:45:17 [scrapy.core.engine] DEBUG: Crawled (200) <GET https://www.tehnomedia.rs/proizvod/rabalux-sonnet-ugradna-i-nadgradna-plafonjera-led-30w-2800lm> (referer: https://www.tehnomedia.rs/sitemap/products-1.xml)
2026-09-12 11:45:19 [scrapy.core.engine] DEBUG: Crawled (200) <GET https://www.tehnomedia.rs/proizvod/rabalux-sonnet-ugradna-i-nadgradna-plafonjera-led-18w-1500lm> (referer: https://www.tehnomedia.rs/sitemap/products-1.xml)
2026-09-12 11:45:20 [scrapy.core.engine] DEBUG: Crawled (200) <GET https://www.tehnomedia.rs/proizvod/rabalux-sijalica-smd-led-e27-t37-9w-720lm-4000k> (referer: https://www.tehnomedia.rs/sitemap/products-1.xml)
2026-09-12 11:45:21 [scrapy.core.engine] DEBUG: Crawled (200) <GET https://www.tehnomedia.rs/proizvod/rabalux-sijalica-smd-led-e27-t37-9w-720lm-3000k> (referer: https://www.tehnomedia.rs/sitemap/products-1.xml)
2026-09-12 11:45:22 [scrapy.core.engine] DEBUG: Crawled (200) <GET https://www.tehnomedia.rs/proizvod/rabalux-sijalica-smd-led-gu10-7w-550lm-4000k> (referer: https://www.tehnomedia.rs/sitemap/products-1.xml)
2026-09-12 11:45:24 [scrapy.core.engine] DEBUG: Crawled (200) <GET https://www.tehnomedia.rs/proizvod/rabalux-sijalica-smd-led-gu10-7w-500lm-3000k> (referer: https://www.tehnomedia.rs/sitemap/products-1.xml)
2026-09-12 11:45:25 [scrapy.core.engine] DEBUG: Crawled (200) <GET https://www.tehnomedia.rs/proizvod/rabalux-noah%2C-clip-lamp%2C-rose%2C-led-5w> (referer: https://www.tehnomedia.rs/sitemap/products-1.xml)
2026-09-12 11:45:26 [scrapy.core.engine] DEBUG: Crawled (200) <GET https://www.tehnomedia.rs/proizvod/rabalux-noah%2C-clip-lamp%2C-green%2C--led-5w> (referer: https://www.tehnomedia.rs/sitemap/products-1.xml)
2026-09-12 11:45:27 [scrapy.core.engine] DEBUG: Crawled (200) <GET https://www.tehnomedia.rs/proizvod/rabalux-noah%2C-clip-lamp%2C-siva%2C--led-5w> (referer: https://www.tehnomedia.rs/sitemap/products-1.xml)
2026-09-12 11:45:28 [scrapy.core.engine] DEBUG: Crawled (200) <GET https://www.tehnomedia.rs/proizvod/rabalux-noah%2C-clip-lamp%2C-blue%2C--led-5w> (referer: https://www.tehnomedia.rs/sitemap/products-1.xml)
2026-09-12 11:45:29 [scrapy.core.engine] DEBUG: Crawled (200) <GET https://www.tehnomedia.rs/proizvod/rabalux-noah%2C-clip-lamp%2C-crna%2C--led-5w> (referer: https://www.tehnomedia.rs/sitemap/products-1.xml)
2026-09-12 11:45:31 [scrapy.core.engine] DEBUG: Crawled (200) <GET https://www.tehnomedia.rs/proizvod/rabalux-noah%2C-clip-lamp%2C-bela%2C--led-5w> (referer: https://www.tehnomedia.rs/sitemap/products-1.xml)
2026-09-12 11:45:32 [scrapy.core.engine] DEBUG: Crawled (200) <GET https://www.tehnomedia.rs/proizvod/rabalux-lina%2C--zvezdani-efekat%2C-bela%2C--led-0%2C5w> (referer: https://www.tehnomedia.rs/sitemap/products-1.xml)
2026-09-12 11:45:33 [scrapy.core.engine] DEBUG: Crawled (200) <GET https://www.tehnomedia.rs/proizvod/rabalux-sijalica-led--sijalicaled-e27-a65-17w-2100lm-4000k> (referer: https://www.tehnomedia.rs/sitemap/products-1.xml)
2026-09-12 11:45:34 [scrapy.core.engine] DEBUG: Crawled (200) <GET https://www.tehnomedia.rs/proizvod/rabalux-sijalica-led--sijalicaled-e27-a65-17w-2100lm-3000k> (referer: https://www.tehnomedia.rs/sitemap/products-1.xml)
2026-09-12 11:45:35 [scrapy.core.engine] DEBUG: Crawled (200) <GET https://www.tehnomedia.rs/proizvod/rabalux-sijalica-smd-led-e27-a60-7w-560-lm-6500k> (referer: https://www.tehnomedia.rs/sitemap/products-1.xml)
2026-09-12 11:45:36 [scrapy.core.engine] DEBUG: Crawled (200) <GET https://www.tehnomedia.rs/proizvod/rabalux-sijalica-smd-led-e27-a60-7w-560-lm-4000k> (referer: https://www.tehnomedia.rs/sitemap/products-1.xml)
2026-09-12 11:45:38 [scrapy.core.engine] DEBUG: Crawled (200) <GET https://www.tehnomedia.rs/proizvod/rabalux-sijalica-smd-led-e27-a60-7w-560-lm-3000k> (referer: https://www.tehnomedia.rs/sitemap/products-1.xml)
2026-09-12 11:45:39 [scrapy.core.engine] DEBUG: Crawled (200) <GET https://www.tehnomedia.rs/proizvod/rabalux-albina%2C-picture-light%2C-led-18w%2C-bela> (referer: https://www.tehnomedia.rs/sitemap/products-1.xml)
2026-09-12 11:45:40 [scrapy.core.engine] DEBUG: Crawled (200) <GET https://www.tehnomedia.rs/proizvod/rabalux-drop-light-nadgradne-lampe%2C-bela%2C---led-40w> (referer: https://www.tehnomedia.rs/sitemap/products-1.xml)
2026-09-12 11:45:41 [scrapy.core.engine] DEBUG: Crawled (200) <GET https://www.tehnomedia.rs/proizvod/rabalux-drop-light-nadgradne-lampe%2C-bela%2C---led-20w> (referer: https://www.tehnomedia.rs/sitemap/products-1.xml)
2026-09-12 11:45:42 [scrapy.extensions.logstats] INFO: Crawled 286 pages (at 49 pages/min), scraped 5 items (at 0 items/min)
2026-09-12 11:45:42 [scrapy.core.engine] DEBUG: Crawled (200) <GET https://www.tehnomedia.rs/proizvod/rabalux-batten-light-nadgradne-lampe%2C-bela%2C---led-40w> (referer: https://www.tehnomedia.rs/sitemap/products-1.xml)
2026-09-12 11:45:43 [scrapy.core.engine] DEBUG: Crawled (200) <GET https://www.tehnomedia.rs/proizvod/rabalux-batten-light-nadgradne-lampe%2C-bela%2C---led-30w> (referer: https://www.tehnomedia.rs/sitemap/products-1.xml)
2026-09-12 11:45:44 [scrapy.core.engine] DEBUG: Crawled (200) <GET https://www.tehnomedia.rs/proizvod/rabalux-batten-light-nadgradne-lampe%2C-bela%2C---led-20w> (referer: https://www.tehnomedia.rs/sitemap/products-1.xml)
2026-09-12 11:45:46 [scrapy.core.engine] DEBUG: Crawled (200) <GET https://www.tehnomedia.rs/proizvod/rabalux-batten-light-nadgradne-lampe%2C-bela%2C---led-10w> (referer: https://www.tehnomedia.rs/sitemap/products-1.xml)
2026-09-12 11:45:47 [scrapy.core.engine] DEBUG: Crawled (200) <GET https://www.tehnomedia.rs/proizvod/rabalux-albina%2C-picture-light%2C-mat-bela%2C--led-12w> (referer: https://www.tehnomedia.rs/sitemap/products-1.xml)
2026-09-12 11:45:48 [scrapy.core.engine] DEBUG: Crawled (200) <GET https://www.tehnomedia.rs/proizvod/rabalux-albina%2C-picture-light%2C-mat-bela%2C--led-8w> (referer: https://www.tehnomedia.rs/sitemap/products-1.xml)
2026-09-12 11:45:49 [scrapy.core.engine] DEBUG: Crawled (200) <GET https://www.tehnomedia.rs/proizvod/rabalux-sijalica-led-e27-3w-efekat-plamena> (referer: https://www.tehnomedia.rs/sitemap/products-1.xml)
2026-09-12 11:45:50 [scrapy.core.engine] DEBUG: Crawled (200) <GET https://www.tehnomedia.rs/proizvod/rabalux-marlon%2C-zidna-lampa%2C-crna%2C--led-8w> (referer: https://www.tehnomedia.rs/sitemap/products-1.xml)
2026-09-12 11:45:51 [scrapy.core.engine] DEBUG: Crawled (200) <GET https://www.tehnomedia.rs/proizvod/rabalux-sijalica-smd-led-gu10-4w-345lm-4000k> (referer: https://www.tehnomedia.rs/sitemap/products-1.xml)
2026-09-12 11:45:52 [scrapy.core.engine] DEBUG: Crawled (200) <GET https://www.tehnomedia.rs/proizvod/rabalux-rolly-pull-beli> (referer: https://www.tehnomedia.rs/sitemap/products-1.xml)
2026-09-12 11:45:54 [scrapy.core.engine] DEBUG: Crawled (200) <GET https://www.tehnomedia.rs/proizvod/rabalux-sijalica-filament-led-e27-g95-5w-200lm-2200k-smoky> (referer: https://www.tehnomedia.rs/sitemap/products-1.xml)
2026-09-12 11:45:55 [scrapy.core.engine] DEBUG: Crawled (200) <GET https://www.tehnomedia.rs/proizvod/rabalux-sijalica-filament-led-e27-g95-4w-200lm-2200k-ambiance> (referer: https://www.tehnomedia.rs/sitemap/products-1.xml)
2026-09-12 11:45:56 [scrapy.core.engine] DEBUG: Crawled (200) <GET https://www.tehnomedia.rs/proizvod/rabalux-fixy-visilica-e27-max-40w-srebro> (referer: https://www.tehnomedia.rs/sitemap/products-1.xml)
2026-09-12 11:45:57 [scrapy.core.engine] DEBUG: Crawled (200) <GET https://www.tehnomedia.rs/proizvod/rabalux-fixy-visilica-e27-max-40w-bronzaa> (referer: https://www.tehnomedia.rs/sitemap/products-1.xml)
2026-09-12 11:45:59 [scrapy.core.engine] DEBUG: Crawled (200) <GET https://www.tehnomedia.rs/proizvod/rabalux-roxy-visilica-e27-max-40w-crno> (referer: https://www.tehnomedia.rs/sitemap/products-1.xml)
2026-09-12 11:46:00 [scrapy.core.engine] DEBUG: Crawled (200) <GET https://www.tehnomedia.rs/proizvod/rabalux-fixy-visilica-e27-max-40w-crno> (referer: https://www.tehnomedia.rs/sitemap/products-1.xml)
2026-09-12 11:46:01 [scrapy.core.engine] DEBUG: Crawled (200) <GET https://www.tehnomedia.rs/proizvod/rabalux-cupola-visilica-d32%2C5cm%2Csiva> (referer: https://www.tehnomedia.rs/sitemap/products-1.xml)
2026-09-12 11:46:03 [scrapy.core.engine] DEBUG: Crawled (200) <GET https://www.tehnomedia.rs/proizvod/rabalux-sijalica-filament-led-e27-g95-8w-1055lm-4000k-mlecna> (referer: https://www.tehnomedia.rs/sitemap/products-1.xml)
2026-09-12 11:46:04 [scrapy.core.engine] DEBUG: Crawled (200) <GET https://www.tehnomedia.rs/proizvod/rabalux-sijalica-filament-led-e27-g95-8w-1055lm-2700k-mlecna> (referer: https://www.tehnomedia.rs/sitemap/products-1.xml)
2026-09-12 11:46:05 [scrapy.core.engine] DEBUG: Crawled (200) <GET https://www.tehnomedia.rs/proizvod/rabalux-sijalica-filament-led-e27-st64-5w-200lm-2200k-smoky> (referer: https://www.tehnomedia.rs/sitemap/products-1.xml)
2026-09-12 11:46:06 [scrapy.core.engine] DEBUG: Crawled (200) <GET https://www.tehnomedia.rs/proizvod/rabalux-sijalica-filament-led-e27-st64-4w-200lm-2200k-ambiance> (referer: https://www.tehnomedia.rs/sitemap/products-1.xml)
2026-09-12 11:46:07 [scrapy.core.engine] DEBUG: Crawled (200) <GET https://www.tehnomedia.rs/proizvod/rabalux-visilica-hrom> (referer: https://www.tehnomedia.rs/sitemap/products-1.xml)
2026-09-12 11:46:09 [scrapy.core.engine] DEBUG: Crawled (200) <GET https://www.tehnomedia.rs/proizvod/rabalux-visilica%2C-providna> (referer: https://www.tehnomedia.rs/sitemap/products-1.xml)
2026-09-12 11:46:10 [scrapy.core.engine] DEBUG: Crawled (200) <GET https://www.tehnomedia.rs/proizvod/rabalux-visilica%2C-hrom> (referer: https://www.tehnomedia.rs/sitemap/products-1.xml)
2026-09-12 11:46:11 [scrapy.core.engine] DEBUG: Crawled (200) <GET https://www.tehnomedia.rs/proizvod/rabalux-togo-zidna-lampa-e14-40w> (referer: https://www.tehnomedia.rs/sitemap/products-1.xml)
2026-09-12 11:46:13 [scrapy.core.engine] DEBUG: Crawled (200) <GET https://www.tehnomedia.rs/proizvod/rabalux-sijalica-filament-led-e14-c37-6w-850lm-4000k> (referer: https://www.tehnomedia.rs/sitemap/products-1.xml)
2026-09-12 11:46:14 [scrapy.core.engine] DEBUG: Crawled (200) <GET https://www.tehnomedia.rs/proizvod/rabalux-sijalica-filament-led-e14-c37-6w-800lm-3000k> (referer: https://www.tehnomedia.rs/sitemap/products-1.xml)
2026-09-12 11:46:15 [scrapy.core.engine] DEBUG: Crawled (200) <GET https://www.tehnomedia.rs/proizvod/rabalux-lite-led-ugradni-spot-gu10-3x3w-mat-hrom> (referer: https://www.tehnomedia.rs/sitemap/products-1.xml)
2026-09-12 11:46:16 [scrapy.core.engine] DEBUG: Crawled (200) <GET https://www.tehnomedia.rs/proizvod/rabalux-lite-led-ugradni-spot-gu10-3x3w-3000k-mat-hrom> (referer: https://www.tehnomedia.rs/sitemap/products-1.xml)
2026-09-12 11:46:17 [scrapy.core.engine] DEBUG: Crawled (200) <GET https://www.tehnomedia.rs/proizvod/rabalux-sijalica-smd-led-gu10-4w-345lm-3000k> (referer: https://www.tehnomedia.rs/sitemap/products-1.xml)
2026-09-12 11:46:18 [scrapy.core.engine] DEBUG: Crawled (200) <GET https://www.tehnomedia.rs/proizvod/rabalux-spot-relight-gu5-3-12v-50w-bronzaa> (referer: https://www.tehnomedia.rs/sitemap/products-1.xml)
2026-09-12 11:46:20 [scrapy.core.engine] DEBUG: Crawled (200) <GET https://www.tehnomedia.rs/proizvod/rabalux-spot-relight-gu5-3-12v-50w-mat-hrom-2> (referer: https://www.tehnomedia.rs/sitemap/products-1.xml)
2026-09-12 11:46:21 [scrapy.core.engine] DEBUG: Crawled (200) <GET https://www.tehnomedia.rs/proizvod/rabalux-spot-relight-gu5-3-12v-50w-hrom-2> (referer: https://www.tehnomedia.rs/sitemap/products-1.xml)
2026-09-12 11:46:22 [scrapy.core.engine] DEBUG: Crawled (200) <GET https://www.tehnomedia.rs/proizvod/rabalux-spot-relight-gu5-3-12v-50w-beli-2> (referer: https://www.tehnomedia.rs/sitemap/products-1.xml)
2026-09-12 11:46:23 [scrapy.core.engine] DEBUG: Crawled (200) <GET https://www.tehnomedia.rs/proizvod/rabalux-spot-relight-gu5-3-12v-50w-bronza> (referer: https://www.tehnomedia.rs/sitemap/products-1.xml)
2026-09-12 11:46:25 [scrapy.core.engine] DEBUG: Crawled (200) <GET https://www.tehnomedia.rs/proizvod/rabalux-spot-relight-gu5-3-12v-50w-mat-hrom> (referer: https://www.tehnomedia.rs/sitemap/products-1.xml)
2026-09-12 11:46:26 [scrapy.core.engine] DEBUG: Crawled (200) <GET https://www.tehnomedia.rs/proizvod/rabalux-spot-relight-gu5-3-12v-50w-hrom> (referer: https://www.tehnomedia.rs/sitemap/products-1.xml)
2026-09-12 11:46:27 [scrapy.core.engine] DEBUG: Crawled (200) <GET https://www.tehnomedia.rs/proizvod/rabalux-spot-relight-gu5-3-12v-50w-beli> (referer: https://www.tehnomedia.rs/sitemap/products-1.xml)
2026-09-12 11:46:29 [scrapy.core.engine] DEBUG: Crawled (200) <GET https://www.tehnomedia.rs/proizvod/rabalux-lite-led-ugradni-spot-gu10-3x3w-bronzaa> (referer: https://www.tehnomedia.rs/sitemap/products-1.xml)
2026-09-12 11:46:30 [scrapy.core.engine] DEBUG: Crawled (200) <GET https://www.tehnomedia.rs/proizvod/rabalux-lite-led-ugradni-spot-gu10-3x3w-hrom> (referer: https://www.tehnomedia.rs/sitemap/products-1.xml)
2026-09-12 11:46:32 [scrapy.core.engine] DEBUG: Crawled (200) <GET https://www.tehnomedia.rs/proizvod/rabalux-lite-led-ugradni-spot-gu10-3x3w-3000k-bronzaa> (referer: https://www.tehnomedia.rs/sitemap/products-1.xml)
2026-09-12 11:46:33 [scrapy.core.engine] DEBUG: Crawled (200) <GET https://www.tehnomedia.rs/proizvod/rabalux-lite-led-ugradni-spot-gu10-3x3w-3000k-hrom> (referer: https://www.tehnomedia.rs/sitemap/products-1.xml)
2026-09-12 11:46:34 [scrapy.core.engine] DEBUG: Crawled (200) <GET https://www.tehnomedia.rs/proizvod/rabalux-lite-led-ugradni-spot-gu10-3x3w-3000k-beli> (referer: https://www.tehnomedia.rs/sitemap/products-1.xml)
2026-09-12 11:46:35 [scrapy.core.engine] DEBUG: Crawled (200) <GET https://www.tehnomedia.rs/proizvod/jbl-live-flex-3-srebrna-bezicna-slusalica> (referer: https://www.tehnomedia.rs/sitemap/products-1.xml)
2026-09-12 11:46:37 [scrapy.core.engine] DEBUG: Crawled (200) <GET https://www.tehnomedia.rs/proizvod/jbl-live-flex-3-crna-bezicna-slusalica> (referer: https://www.tehnomedia.rs/sitemap/products-1.xml)
2026-09-12 11:46:38 [scrapy.core.engine] DEBUG: Crawled (200) <GET https://www.tehnomedia.rs/proizvod/jbl-live-buds-3-ljubicasta-bezicna-slusalica> (referer: https://www.tehnomedia.rs/sitemap/products-1.xml)
2026-09-12 11:46:39 [scrapy.core.engine] DEBUG: Crawled (200) <GET https://www.tehnomedia.rs/proizvod/jbl-live-buds-3-crna-bezicna-slusalica> (referer: https://www.tehnomedia.rs/sitemap/products-1.xml)
2026-09-12 11:46:40 [scrapy.core.engine] DEBUG: Crawled (200) <GET https://www.tehnomedia.rs/proizvod/deep-sc105b> (referer: https://www.tehnomedia.rs/sitemap/products-1.xml)
2026-09-12 11:46:40 [scrapy.core.scraper] DEBUG: Scraped from <200 https://www.tehnomedia.rs/proizvod/deep-sc105b>
{'url': 'https://www.tehnomedia.rs/proizvod/deep-sc105b', 'izvor': 'tehnomedija.rs', 'product_id': '114771', 'ean': '8606111462786', 'naziv': 'DEEP SC105B', 'opis': 'FRIZIDER  DEEP SC105B', 'brend': 'DEEP', 'kategorija_path': 'Bela tehnika > Frižideri > Rashladne vitrine', 'cena': 67990, 'cena_mp_raw': None, 'valuta': 'RSD', 'slika': 'https://images.tehnomedia.rs/i/800x800/products/9f6f/deep_sc105b-2f00cdee2202-t0.jpg?f=webp', 'dostupan': True, 'energetska_klasa': 'E', 'specifikacije': {'Boja': 'crna', 'Zapremina frižidera': '105 l', 'Napajanje': '230 / 50 V/Hz/Faz', 'Potrošnja energije': '140w', 'Radni opseg': 'od 0° C do 10° C', 'Energetska klasa': 'E', 'Rashladna tečnost': 'R290a/R600a', 'Sredstvo za hlađenje (gas)': 'R600a-R134a', 'Ventilator': 'kom 1', 'Broj polica': '8 mrežasth polica', 'Osvetljenje': 'LED', 'Dimenzije ŠxVxD': '360x385x1880 mm', 'Neto/bruto težina': '51/55 kg'}, 'karakteristike': ['Deep vitrina za piće SC105B', 'Mehanicka kontrola temperature', 'Osvetljenje u vratima']}
2026-09-12 11:46:42 [scrapy.core.engine] DEBUG: Crawled (200) <GET https://www.tehnomedia.rs/proizvod/deep-lc208a> (referer: https://www.tehnomedia.rs/sitemap/products-1.xml)
2026-09-12 11:46:42 [scrapy.extensions.logstats] INFO: Crawled 335 pages (at 49 pages/min), scraped 6 items (at 1 items/min)
2026-09-12 11:46:42 [scrapy.core.scraper] DEBUG: Scraped from <200 https://www.tehnomedia.rs/proizvod/deep-lc208a>
{'url': 'https://www.tehnomedia.rs/proizvod/deep-lc208a', 'izvor': 'tehnomedija.rs', 'product_id': '114770', 'ean': '8606111462823', 'naziv': 'DEEP LC208A', 'opis': 'FRIZIDER  DEEP LC208A', 'brend': 'DEEP', 'kategorija_path': 'Bela tehnika > Frižideri > Rashladne vitrine', 'cena': 57990, 'cena_mp_raw': None, 'valuta': 'RSD', 'slika': 'https://images.tehnomedia.rs/i/800x800/products/17b5/deep_lc208a-8a8758c2f983-t0.jpg?f=webp', 'dostupan': True, 'energetska_klasa': 'E', 'specifikacije': {'Boja': 'crna', 'Zapremina vitrine': '208 l', 'Napajanje': '230 / 50 V/Hz/Faz', 'Radni opseg': '0/10 C°', 'Energetska klasa': 'E', 'Rashladna tečnost': 'R290a/R600a', 'Sredstvo za hlađenje (gas)': 'R600', 'Ventilator': 'kom 1', 'Broj polica': '4 kom', 'Osvetljenje': 'LED', 'Dimenzije ŠxVxD': '540 x 1375 x 570 mm', 'Neto/bruto težina': '42 / 46 kg'}, 'karakteristike': ['Deep rashladna vitrina za piće LC208A', 'Mehanicka kontrola temperature']}
2026-09-12 11:46:43 [scrapy.core.engine] DEBUG: Crawled (200) <GET https://www.tehnomedia.rs/proizvod/deep-lc92> (referer: https://www.tehnomedia.rs/sitemap/products-1.xml)
2026-09-12 11:46:43 [scrapy.core.scraper] DEBUG: Scraped from <200 https://www.tehnomedia.rs/proizvod/deep-lc92>
{'url': 'https://www.tehnomedia.rs/proizvod/deep-lc92', 'izvor': 'tehnomedija.rs', 'product_id': '114768', 'ean': '8606111462700', 'naziv': 'DEEP LC92', 'opis': 'FRIZIDER  DEEP LC92', 'brend': 'DEEP', 'kategorija_path': 'Bela tehnika > Frižideri > Rashladne vitrine', 'cena': 39990, 'cena_mp_raw': None, 'valuta': 'RSD', 'slika': 'https://images.tehnomedia.rs/i/800x800/products/651c/deep_lc92-a263eb98aa28-t0.jpg?f=webp', 'dostupan': True, 'energetska_klasa': None, 'specifikacije': {'Boja': 'crna', 'Visina': '850 mm', 'Širina': '475 mm', 'Ukupna zapremina': '92 l', 'Sredstvo za hlađenje (gas)': 'R290a/R600a', 'Broj polica': '3', 'Radni opseg': '0/+7,2 C°', 'Težina neto-bruto': '25 / 27 kg', 'Dimenzije ŠxVxD': '475 x 850 x 445 mm'}, 'karakteristike': ['DEEP vinska vitrina LC92', 'Mehanicka kontrola temperature']}
2026-09-12 11:46:44 [scrapy.core.engine] DEBUG: Crawled (200) <GET https://www.tehnomedia.rs/proizvod/deep-lc68> (referer: https://www.tehnomedia.rs/sitemap/products-1.xml)
2026-09-12 11:46:44 [scrapy.core.scraper] DEBUG: Scraped from <200 https://www.tehnomedia.rs/proizvod/deep-lc68>
{'url': 'https://www.tehnomedia.rs/proizvod/deep-lc68', 'izvor': 'tehnomedija.rs', 'product_id': '114767', 'ean': '8606111462830', 'naziv': 'DEEP LC68', 'opis': 'FRIZIDER  DEEP LC68', 'brend': 'DEEP', 'kategorija_path': 'Bela tehnika > Frižideri > Vinske vitrine', 'cena': 35990, 'cena_mp_raw': None, 'valuta': 'RSD', 'slika': 'https://images.tehnomedia.rs/i/800x800/products/d784/deep_lc68-84a606bef538-t0.jpg?f=webp', 'dostupan': True, 'energetska_klasa': None, 'specifikacije': {'Boja': 'crna', 'Visina': '620 mm', 'Širina': '455 mm', 'Ukupna zapremina': '68 l', 'Sredstvo za hlađenje (gas)': 'R600a', 'Broj polica': '3', 'Radni opseg': '0/+7,2 C°', 'Težina neto-bruto': '21 / 24 kg', 'Dimenzije ŠxVxD': '455 x 620 x 440 mm'}, 'karakteristike': ['DEEP vinska vitrina LC68', 'Mehanicka kontrola temperature']}
2026-09-12 11:46:45 [scrapy.core.engine] DEBUG: Crawled (200) <GET https://www.tehnomedia.rs/proizvod/samsung-rugged-case-s25-plus-black-ef-rs936cbegww> (referer: https://www.tehnomedia.rs/sitemap/products-1.xml)
2026-09-12 11:46:47 [scrapy.core.engine] DEBUG: Crawled (200) <GET https://www.tehnomedia.rs/proizvod/samsung-kindsuit-case-s25-plus-black-ef-vs936pbegww> (referer: https://www.tehnomedia.rs/sitemap/products-1.xml)
2026-09-12 11:46:48 [scrapy.core.engine] DEBUG: Crawled (200) <GET https://www.tehnomedia.rs/proizvod/samsung-silicone-case-s25-plus-blue-ef-ps936cnegww> (referer: https://www.tehnomedia.rs/sitemap/products-1.xml)
2026-09-12 11:46:49 [scrapy.core.engine] DEBUG: Crawled (200) <GET https://www.tehnomedia.rs/proizvod/samsung-silicone-case-s25-plus-black-ef-ps936cbegww> (referer: https://www.tehnomedia.rs/sitemap/products-1.xml)
2026-09-12 11:46:50 [scrapy.core.engine] DEBUG: Crawled (200) <GET https://www.tehnomedia.rs/proizvod/samsung-standing-grip-case-s25-plus-grey-ef-gs936cjegww> (referer: https://www.tehnomedia.rs/sitemap/products-1.xml)
2026-09-12 11:46:51 [scrapy.core.engine] DEBUG: Crawled (200) <GET https://www.tehnomedia.rs/proizvod/samsung-standing-grip-case-s25-plus-black-ef-gs936cbegww> (referer: https://www.tehnomedia.rs/sitemap/products-1.xml)
2026-09-12 11:46:52 [scrapy.core.engine] DEBUG: Crawled (200) <GET https://www.tehnomedia.rs/proizvod/samsung-rugged-case-s25-black-ef-rs931cbegww> (referer: https://www.tehnomedia.rs/sitemap/products-1.xml)
2026-09-12 11:46:53 [scrapy.core.engine] DEBUG: Crawled (200) <GET https://www.tehnomedia.rs/proizvod/samsung-kindsuite-case-s25-black-ef-vs931pbegww> (referer: https://www.tehnomedia.rs/sitemap/products-1.xml)
2026-09-12 11:46:55 [scrapy.core.engine] DEBUG: Crawled (200) <GET https://www.tehnomedia.rs/proizvod/samsung-silicone-case-s25-red-ef-ps931cregww> (referer: https://www.tehnomedia.rs/sitemap/products-1.xml)
2026-09-12 11:46:56 [scrapy.core.engine] DEBUG: Crawled (200) <GET https://www.tehnomedia.rs/proizvod/samsung-standing-grip-case-s25-grey-ef-gs931cjegww> (referer: https://www.tehnomedia.rs/sitemap/products-1.xml)
2026-09-12 11:46:57 [scrapy.core.engine] DEBUG: Crawled (200) <GET https://www.tehnomedia.rs/proizvod/samsung-standing-grip-case-s25-black-ef-gs931cbegww> (referer: https://www.tehnomedia.rs/sitemap/products-1.xml)
2026-09-12 11:46:58 [scrapy.core.engine] DEBUG: Crawled (200) <GET https://www.tehnomedia.rs/proizvod/asus-rog-strix-x870-a-gaming-wifi> (referer: https://www.tehnomedia.rs/sitemap/products-1.xml)
2026-09-12 11:47:00 [scrapy.core.engine] DEBUG: Crawled (200) <GET https://www.tehnomedia.rs/proizvod/cecotec-toast-taste-9000-double> (referer: https://www.tehnomedia.rs/sitemap/products-1.xml)
2026-09-12 11:47:00 [scrapy.core.scraper] DEBUG: Scraped from <200 https://www.tehnomedia.rs/proizvod/cecotec-toast-taste-9000-double>
{'url': 'https://www.tehnomedia.rs/proizvod/cecotec-toast-taste-9000-double', 'izvor': 'tehnomedija.rs', 'product_id': '114728', 'ean': '8435484031790', 'naziv': 'CECOTEC Toast&Taste 9000 Double', 'opis': 'TOSTER CECOTEC Toast&Taste 9000 Double', 'brend': 'CECOTEC', 'kategorija_path': 'Mali kuhinjski aparati > Tosteri > Klasični tosteri', 'cena': 4499, 'cena_mp_raw': None, 'valuta': 'RSD', 'slika': 'https://images.tehnomedia.rs/i/800x800/products/6159/cecotec_toast_taste_9000_double-9a8aa9a078ea-t0.jpg?f=webp', 'dostupan': True, 'energetska_klasa': None, 'specifikacije': {'Neklizajuća osnova': 'da', 'Uklonjiva posuda za mrvice': 'da', 'Napon': '220-240 V', 'Frekvencija': '50/60 Hz', 'Materijal': 'nerđajući čelik\nplastika', 'Funkcije': '3', 'Snaga': '980 W', 'Proizvod sa utikačem': 'da', 'Tip utikača': 'EU', 'Boja': 'crna', 'Težina': '1,3 kg'}, 'karakteristike': ['CECOTEC toster Toast&Taste 9000 Double']}
2026-09-12 11:47:01 [scrapy.core.engine] DEBUG: Crawled (200) <GET https://www.tehnomedia.rs/proizvod/cecotec-thermosense-180-black> (referer: https://www.tehnomedia.rs/sitemap/products-1.xml)
2026-09-12 11:47:01 [scrapy.core.scraper] DEBUG: Scraped from <200 https://www.tehnomedia.rs/proizvod/cecotec-thermosense-180-black>
{'url': 'https://www.tehnomedia.rs/proizvod/cecotec-thermosense-180-black', 'izvor': 'tehnomedija.rs', 'product_id': '114726', 'ean': '8435484018579', 'naziv': 'CECOTEC Thermosense 180 Black', 'opis': 'APARAT ZA VODU CECOTEC Thermosense 180 Black', 'brend': 'CECOTEC', 'kategorija_path': 'Mali kuhinjski aparati > Kuvala za vodu', 'cena': 4499, 'cena_mp_raw': None, 'valuta': 'RSD', 'slika': 'https://images.tehnomedia.rs/i/800x800/products/9a32/cecotec_thermosense_180_black-c6dd9ac9c309-t0.jpg?f=webp', 'dostupan': True, 'energetska_klasa': None, 'specifikacije': {'Kapacitet': '1,7 l', 'Materijal bez BPA': 'da', 'Snaga': '2200 W', 'Filter protiv kamenca': 'da', 'Podnožje koje se rotira za 360º': 'da', 'Akumulatorska baza': 'da', 'Boja': 'crna'}, 'karakteristike': ['CECOTEC električni bokal Thermosense 180 Black', 'Nezavisno postolje sa automatskim isključivanjem za udobnu, efikasnu i bezbednu upotrebu. Pruža veliku udobnost i omogućava upotrebu i dešnjacima i levorukim ljudima.', 'Dizajn koji se može ukloniti i prati kako bi se izbegli loši mirisi.', 'Brzo zagrevanje sa zonom brzog ključanja kako bi se izbeglo čekanje.', 'Pripremite infuzije za celu porodicu i goste u jednoj seriji.', 'Napravljen od visokokvalitetne plastike bez BPA i drugih toksina.']}
2026-09-12 11:47:02 [scrapy.core.engine] DEBUG: Crawled (200) <GET https://www.tehnomedia.rs/proizvod/cecotec-thermosense-180-white> (referer: https://www.tehnomedia.rs/sitemap/products-1.xml)
2026-09-12 11:47:02 [scrapy.core.scraper] DEBUG: Scraped from <200 https://www.tehnomedia.rs/proizvod/cecotec-thermosense-180-white>
{'url': 'https://www.tehnomedia.rs/proizvod/cecotec-thermosense-180-white', 'izvor': 'tehnomedija.rs', 'product_id': '114725', 'ean': '8435484014182', 'naziv': 'CECOTEC Thermosense 180 White', 'opis': 'APARAT ZA VODU CECOTEC Thermosense 180 White', 'brend': 'CECOTEC', 'kategorija_path': 'Mali kuhinjski aparati > Kuvala za vodu', 'cena': 2999, 'cena_mp_raw': None, 'valuta': 'RSD', 'slika': 'https://images.tehnomedia.rs/i/800x800/products/813d/cecotec_thermosense_180_white-862e3173c58d-t0.jpg?f=webp', 'dostupan': True, 'energetska_klasa': None, 'specifikacije': {'Kapacitet': '1,7 l', 'Materijal bez BPA': 'da', 'Snaga': '2200 W', 'Filter protiv kamenca': 'da', 'Podnožje koje se rotira za 360º': 'da', 'Akumulatorska baza': 'da', 'Boja': 'bela'}, 'karakteristike': ['CECOTEC električni bokal Thermosense 180 White', 'Nezavisno postolje sa automatskim isključivanjem za udobnu, efikasnu i bezbednu upotrebu.  Pruža veliku udobnost i omogućava upotrebu i dešnjacima i levorukim ljudima.', 'Dizajn koji se može ukloniti i prati kako bi se izbegli loši mirisi.', 'Brzo zagrevanje sa zonom brzog ključanja kako bi se izbeglo čekanje.', 'Pripremite infuzije za celu porodicu i goste u jednoj seriji.', 'Napravljen od visokokvalitetne plastike bez BPA i drugih toksina.']}
2026-09-12 11:47:04 [scrapy.core.engine] DEBUG: Crawled (200) <GET https://www.tehnomedia.rs/proizvod/cecotec-thermosense-140-white> (referer: https://www.tehnomedia.rs/sitemap/products-1.xml)
2026-09-12 11:47:04 [scrapy.core.scraper] DEBUG: Scraped from <200 https://www.tehnomedia.rs/proizvod/cecotec-thermosense-140-white>
{'url': 'https://www.tehnomedia.rs/proizvod/cecotec-thermosense-140-white', 'izvor': 'tehnomedija.rs', 'product_id': '114724', 'ean': '8435484014151', 'naziv': 'CECOTEC Thermosense 140 White', 'opis': 'APARAT ZA VODU CECOTEC Thermosense 140 White', 'brend': 'CECOTEC', 'kategorija_path': 'Mali kuhinjski aparati > Kuvala za vodu', 'cena': 2499, 'cena_mp_raw': None, 'valuta': 'RSD', 'slika': 'https://images.tehnomedia.rs/i/800x800/products/da28/cecotec_thermosense_140_white-c950b18216b8-t0.jpg?f=webp', 'dostupan': True, 'energetska_klasa': None, 'specifikacije': {'Kapacitet': '1 l', 'Materijal bez BPA': 'da', 'Snaga': '2200 W', 'Filter protiv kamenca': 'da', 'Podnožje koje se rotira za 360º': 'da', 'Akumulatorska baza': 'da', 'Boja': 'bela'}, 'karakteristike': ['CECOTEC električni bokal Thermosense 140 White', 'Pripremite nekoliko infuzija u jednoj seriji.', 'Napravljen od visokokvalitetne plastike bez BPA i drugih toksina.', 'Brzo zagrevanje sa zonom brzog ključanja kako bi se izbeglo čekanje.', 'Dizajn koji se može ukloniti i prati kako bi se izbegli loši mirisi.', 'Pruža veliku udobnost i omogućava upotrebu i dešnjacima i levorukim ljudima.', 'Nezavisno postolje sa automatskim isključivanjem za udobnu, efikasnu i bezbednu upotrebu.']}
2026-09-12 11:47:05 [scrapy.core.engine] DEBUG: Crawled (200) <GET https://www.tehnomedia.rs/proizvod/cecotec--conga-ash-1000-home-compact> (referer: https://www.tehnomedia.rs/sitemap/products-1.xml)
2026-09-12 11:47:05 [scrapy.core.scraper] DEBUG: Scraped from <200 https://www.tehnomedia.rs/proizvod/cecotec--conga-ash-1000-home-compact>
{'url': 'https://www.tehnomedia.rs/proizvod/cecotec--conga-ash-1000-home-compact', 'izvor': 'tehnomedija.rs', 'product_id': '114723', 'ean': '8435484009768', 'naziv': 'CECOTEC  Conga Ash 1000 Home Compact', 'opis': 'USISIVAC CECOTEC  Conga Ash 1000 Home Compact', 'brend': 'CECOTEC', 'kategorija_path': 'Mali kućni aparati > Usisivači > Usisivači za pepeo', 'cena': 4999, 'cena_mp_raw': None, 'valuta': 'RSD', 'slika': 'https://images.tehnomedia.rs/i/800x800/products/350e/cecotec_conga_ash_1000_home_compact-46fe4d20a13c-t0.jpg?f=webp', 'dostupan': True, 'energetska_klasa': None, 'specifikacije': {'Snaga': '600 W', 'Usisna snaga': '13 kPa', 'Kapacitet rezervoara': '4 l', 'Boja': 'crna'}, 'karakteristike': ['Cecotec Usisivač za pepeo Conga Ash 1000 Home Compact', 'Rezervoar je od nerđajućeg čelika, otporan na visoke temperature', 'Usisna cev ojačana metalnim premazom, koji može usisati sve vrste prljavštine bez lomljenja i otporan na toplotu', 'Transportna ručka', '3,5 m kabl', 'Filter sa metalnom rešetkom']}
2026-09-12 11:47:06 [scrapy.core.engine] DEBUG: Crawled (200) <GET https://www.tehnomedia.rs/proizvod/franke-it-ubg-610-50-sahara-114-0686-791> (referer: https://www.tehnomedia.rs/sitemap/products-1.xml)
2026-09-12 11:47:06 [scrapy.core.scraper] DEBUG: Scraped from <200 https://www.tehnomedia.rs/proizvod/franke-it-ubg-610-50-sahara-114-0686-791>
{'url': 'https://www.tehnomedia.rs/proizvod/franke-it-ubg-610-50-sahara-114-0686-791', 'izvor': 'tehnomedija.rs', 'product_id': '114710', 'ean': '7612986254068', 'naziv': 'FRANKE-IT UBG 610-50 sahara 114.0686.791', 'opis': 'SUDOPERA FRANKE-IT UBG 610-50 sahara 114.0686.791', 'brend': 'FRANKE', 'kategorija_path': 'Bela tehnika > Sudopere i slavine > Sudopere', 'cena': 34999, 'cena_mp_raw': None, 'valuta': 'RSD', 'slika': 'https://images.tehnomedia.rs/i/800x800/products/bafc/franke_it_ubg_610_50_sahara_114_0686_791-3962344e69c9-t0.jpg?f=webp', 'dostupan': True, 'energetska_klasa': None, 'specifikacije': {'Materijal': 'Fragranit', 'Boja': 'sahara', 'Familija': 'Urban', 'Integrisan odvod': '3,5"', 'Za kabinet': '600 mm', 'Dimenzije': '560 x 500 mm', 'Dimenzije korita': '503 x 425 x 230 mm', 'Ugradne mere': '540 x 480 mm'}, 'karakteristike': ['Franke sudopera UBG 610-50 sahara 114.0686.791', 'Sudopera sa 1 koritom, bez oceđivača', 'Standardna ugradnja']}
2026-09-12 11:47:07 [scrapy.core.engine] DEBUG: Crawled (200) <GET https://www.tehnomedia.rs/proizvod/blackvue-dr970x-box-2ch-ir-plus-64gb> (referer: https://www.tehnomedia.rs/sitemap/products-1.xml)
2026-09-12 11:47:08 [scrapy.core.engine] DEBUG: Crawled (200) <GET https://www.tehnomedia.rs/proizvod/electrolux-ew8f4484eu> (referer: https://www.tehnomedia.rs/sitemap/products-1.xml)
2026-09-12 11:47:08 [scrapy.core.scraper] DEBUG: Scraped from <200 https://www.tehnomedia.rs/proizvod/electrolux-ew8f4484eu>
{'url': 'https://www.tehnomedia.rs/proizvod/electrolux-ew8f4484eu', 'izvor': 'tehnomedija.rs', 'product_id': '114688', 'ean': '7333394052045', 'naziv': 'ELECTROLUX EW8F4484EU', 'opis': 'MASINA ZA PRANJE VESA ELECTROLUX EW8F4484EU', 'brend': 'ELECTROLUX', 'kategorija_path': 'Bela tehnika > Veš mašine > Mašine za pranje veša', 'cena': 96990, 'cena_mp_raw': None, 'valuta': 'RSD', 'slika': 'https://images.tehnomedia.rs/i/800x800/products/cf9e/electrolux_ew8f4484eu-efd4b6f46cfe-t0.jpg?f=webp', 'dostupan': True, 'energetska_klasa': 'A', 'specifikacije': {'Boja': 'bela', 'Visina': '84,7 cm', 'Širina': '59,7 cm', 'Dubina': '57,6 cm', 'Kapacitet pranja': '8 kg', 'Brzina centrifuge': '1400 o/min', 'Način punjenja': 'napred', 'Energetske klasa': 'A', 'Potrošnja energije': '38 kWh/100 cik', 'Potrošnja vode': '44 l/cik', 'Efikasnost centrifuge': 'B', 'Nivo buke': '72 dB', 'Akustična klasa': 'A', 'Motor': 'Inverter', 'Programi': 'ultra brzo 59 min\npamuk\nsintetika\ndelikatni veš\nvuna/svila\nbrzo 20 min\nosvežavanje parom\ncentrifugiranje/odvod\nispiranje\nsportska odeća\njorgan\nna otvorenom\nhigijena\nEko 40-60', 'Woolmark': 'Woolmark Green + WoolCare Ariel/Lenor', 'Tasteri': 'uključeno/isključeno\ntemperatura\ncentrifuga\npretpranje\nfleke\nEktraRinse\nSilent\nSteamEasiIron\nPods\nodlaganje\nTimeManager', 'Bubanj': 'Care Drum', 'Priključna snaga': '2,1 kW', 'Napajanje': '230 V/50 Hz', 'Dužina kabla': '1,62 m', 'Max. dubina': '599 mm', 'Dimenzije (ŠxVxD)': '597 x 847 x 576 mm'}, 'karakteristike': ['Electrolux mašina za pranje veša EW8F4484EU', 'Samostojeća mašina za pranje veša UltraCare 800', 'Sistem SteamCare', 'Specifično dizajniran program za svilu sa prilagođenim ciklusom centrifuge za nežno pranje', 'UltraQuick 59 min – uklanja sve mrlje na niskim temp., štedi do 30% energije', 'Bezbednosno zaključavanje za decu', '4 podesive noge']}
2026-09-12 11:47:09 [scrapy.core.engine] DEBUG: Crawled (200) <GET https://www.tehnomedia.rs/proizvod/fiskars-x27-xxl-1015644> (referer: https://www.tehnomedia.rs/sitemap/products-1.xml)
2026-09-12 11:47:10 [scrapy.core.engine] DEBUG: Crawled (200) <GET https://www.tehnomedia.rs/proizvod/fiskars-x25-xl-1015643> (referer: https://www.tehnomedia.rs/sitemap/products-1.xml)
2026-09-12 11:47:11 [scrapy.core.engine] DEBUG: Crawled (200) <GET https://www.tehnomedia.rs/proizvod/villager-bvs-1-prime-akumulatorska-testera-za-grane> (referer: https://www.tehnomedia.rs/sitemap/products-1.xml)
2026-09-12 11:47:13 [scrapy.core.engine] DEBUG: Crawled (200) <GET https://www.tehnomedia.rs/proizvod/villager-vln-2610> (referer: https://www.tehnomedia.rs/sitemap/products-1.xml)
2026-09-12 11:47:14 [scrapy.core.engine] DEBUG: Crawled (200) <GET https://www.tehnomedia.rs/proizvod/villager-vsp-8000-potapajuca-pumpa-za-vodu> (referer: https://www.tehnomedia.rs/sitemap/products-1.xml)
2026-09-12 11:47:15 [scrapy.core.engine] DEBUG: Crawled (200) <GET https://www.tehnomedia.rs/proizvod/mbs-sd-9-em-rs-beli> (referer: https://www.tehnomedia.rs/sitemap/products-1.xml)
2026-09-12 11:47:15 [scrapy.core.scraper] DEBUG: Scraped from <200 https://www.tehnomedia.rs/proizvod/mbs-sd-9-em-rs-beli>
{'url': 'https://www.tehnomedia.rs/proizvod/mbs-sd-9-em-rs-beli', 'izvor': 'tehnomedija.rs', 'product_id': '114680', 'ean': '8600957724909', 'naziv': 'MBS SD 9 EM RS Beli', 'opis': 'SPORET I PEC NA DRVA I PELET MBS SD 9 EM RS Beli', 'brend': 'MBS', 'kategorija_path': 'Grejanje i hlađenje > Šporeti na čvrsto gorivo > Šporet na drvo i pelet', 'cena': 42899, 'cena_mp_raw': None, 'valuta': 'RSD', 'slika': 'https://images.tehnomedia.rs/i/800x800/products/9bb3/mbs_sd_9_em_rs_beli-b71c0a90db10-t0.jpg?f=webp', 'dostupan': True, 'energetska_klasa': None, 'specifikacije': {'Vrsta goriva': 'drvo', 'Snaga': '7 kW', 'Površina grejanja': '40 – 45 m2', 'Prečnik': '120 mm', 'Pozicija odvodne cevi': 'desno', 'Dimenzije ložišta (VxŠxD)': '250 x 200 x 400 mm', 'Dimenzije rerne (VxŠxD)': '200 x 490 x 460 mm', 'Dimenzije (VxŠxD)': '740 x 945 x 645 mm', 'Boja': 'bela'}, 'karakteristike': ['MBS šporet na čvrsto gorivo SD 9 EM RS Beli', 'Stepen iskorišćenja od 75%']}
2026-09-12 11:47:17 [scrapy.core.engine] DEBUG: Crawled (200) <GET https://www.tehnomedia.rs/proizvod/logitech-zone-300-bluetooth-headset-roze-981-001412> (referer: https://www.tehnomedia.rs/sitemap/products-1.xml)
2026-09-12 11:47:18 [scrapy.core.engine] DEBUG: Crawled (200) <GET https://www.tehnomedia.rs/proizvod/logitech-zone-300-bluetooth-headset-bela-981-001417> (referer: https://www.tehnomedia.rs/sitemap/products-1.xml)
2026-09-12 11:47:19 [scrapy.core.engine] DEBUG: Crawled (200) <GET https://www.tehnomedia.rs/proizvod/logitech-zone-300-bluetooth-headset---graphite-981-001407> (referer: https://www.tehnomedia.rs/sitemap/products-1.xml)
2026-09-12 11:47:20 [scrapy.core.engine] DEBUG: Crawled (200) <GET https://www.tehnomedia.rs/proizvod/elica-adele-bl-mat-a-90-gfb> (referer: https://www.tehnomedia.rs/sitemap/products-1.xml)
2026-09-12 11:47:20 [scrapy.core.scraper] DEBUG: Scraped from <200 https://www.tehnomedia.rs/proizvod/elica-adele-bl-mat-a-90-gfb>
{'url': 'https://www.tehnomedia.rs/proizvod/elica-adele-bl-mat-a-90-gfb', 'izvor': 'tehnomedija.rs', 'product_id': '114665', 'ean': '8020283053663', 'naziv': 'ELICA ADELE BL MAT/A/90 GFB', 'opis': 'ASPIRATOR ELICA ADELE BL MAT/A/90 GFB', 'brend': 'ELICA', 'kategorija_path': 'Bela tehnika > Aspiratori > Zidni aspiratori', 'cena': 67099, 'cena_mp_raw': None, 'valuta': 'RSD', 'slika': 'https://images.tehnomedia.rs/i/800x800/products/c7db/elica_adele_bl_mat_a_90_gfb-d1dc4f0c6dfd-t0.jpg?f=webp', 'dostupan': True, 'energetska_klasa': 'A', 'specifikacije': {'Širina': '89,8 cm', 'Boja': 'crna mat', 'Način rada': 'odvodni/filtrirajući', 'Komande': 'senzorske', 'Min/max protok': '325/770 m3/h', 'Min/max nivo buke': '55/69 dB', 'Snaga motora': '277 W', 'Energetska klasa': 'A', 'Potrošnja energije': '52 kWh/god', 'Broj brzina': '3S + B Capacitive touch control', 'Osvetljenje': 'Strip Led 2 x 7 W, 3000 K, 309 LUX', 'Odvod': '150 mm', 'Min. udaljenost od staklokeramičke/indukcione ploče': '50 cm', 'Min. udaljenost od  gasne ploče za spremanje': '65 cm', 'Dimenzije': '89,8 x 61,2 cm'}, 'karakteristike': ['Elica aspirator ADELE BL MAT/A/90', 'Ostrvski aspirator', 'Aluminijumski filter za masnoću', 'Regenerabilni perivi filter za mirise (kupuje se zasebno)', 'Alarm za održavanje']}
2026-09-12 11:47:21 [scrapy.core.engine] DEBUG: Crawled (200) <GET https://www.tehnomedia.rs/proizvod/tesla-wf91480ts> (referer: https://www.tehnomedia.rs/sitemap/products-1.xml)
2026-09-12 11:47:21 [scrapy.core.scraper] DEBUG: Scraped from <200 https://www.tehnomedia.rs/proizvod/tesla-wf91480ts>
{'url': 'https://www.tehnomedia.rs/proizvod/tesla-wf91480ts', 'izvor': 'tehnomedija.rs', 'product_id': '114660', 'ean': '8606031248125', 'naziv': 'TESLA WF91480TS', 'opis': 'MASINA ZA PRANJE VESA TESLA WF91480TS', 'brend': 'TESLA', 'kategorija_path': 'Bela tehnika > Veš mašine > Mašine za pranje veša', 'cena': 48899, 'cena_mp_raw': None, 'valuta': 'RSD', 'slika': 'https://images.tehnomedia.rs/i/800x800/products/53c3/tesla_wf91480ts-26377e1b1628-t0.jpg?f=webp', 'dostupan': True, 'energetska_klasa': 'A', 'specifikacije': {'Boja': 'siva', 'Visina': '85 cm', 'Širina': '60 cm', 'Dubina': '57 cm', 'Kapacitet pranja': '9 kg', 'Brzina centrifuge': '1400 o/min', 'Način punjenja': 'napred', 'Energetske klasa': 'A', 'Potrošnja energije': '49 kWh/100 cik', 'Potrošnja vode': '49 l/cik', 'Efikasnost centrifuge': 'B', 'Nivo buke': '76 dB', 'Akustična klasa': 'B', 'Motor': 'Inverter BLDC', 'Programi': '14\nmix\nsuper brzo\nvuna\nkošulja\nposteljina\nsportska odeća\nAllergy Care\nčišćenje bubnja\npamuk\npretpranje\nECO 40-60\n20ºC\nintenzivno\nRinse+Spin', 'Odloženi start': '3-24 h', 'Zaključavanje vrata': 'Elektromagnetno', 'Funkcija tastera': 'odložen start\nRinse\nbrzina centrifuge: 400-600-800-1000-1200-1400 o/min\ntemperatura pranja: hladno-20-30-40-60-95 °C\ndodaj odeću\ndečija brava\nzvuk isključen', 'Zapremina bubnja': '60 l', 'Prečnik vrata': '360 mm', 'Spoljni prečnik vrata': '545 mm', 'Priključna snaga': '1900 W', 'Napajanje': '220V-240V~/50 Hz', 'Dužina naponskog kabla': '1,5 m', 'Dužina dotočnog creva': '1,0 m', 'Dužina odvodnog creva': '1,5 m', 'Dimenzije (ŠxVxD)': '600 x 850 x 570 mm', 'Neto/bruto težina': '67/73 kg'}, 'karakteristike': ['Tesla mašina za pranje veša WF91480TS', 'Samostojeća mašina za pranje veša', 'Inteligentno pranje', 'Bubanj sa dijamantskom teksturom', 'Čišćenje na visokoj temperaturi', 'LED displej']}
2026-09-12 11:47:22 [scrapy.core.engine] DEBUG: Crawled (200) <GET https://www.tehnomedia.rs/proizvod/canon-eos-r100---rf-s-18-45mm-travel-kit> (referer: https://www.tehnomedia.rs/sitemap/products-1.xml)
2026-09-12 11:47:23 [scrapy.core.engine] DEBUG: Crawled (200) <GET https://www.tehnomedia.rs/proizvod/shark-wv270eu> (referer: https://www.tehnomedia.rs/sitemap/products-1.xml)
2026-09-12 11:47:23 [scrapy.core.scraper] DEBUG: Scraped from <200 https://www.tehnomedia.rs/proizvod/shark-wv270eu>
{'url': 'https://www.tehnomedia.rs/proizvod/shark-wv270eu', 'izvor': 'tehnomedija.rs', 'product_id': '114653', 'ean': '0622356245876', 'naziv': 'SHARK WV270EU', 'opis': 'USISIVAC SHARK WV270EU', 'brend': 'SHARK', 'kategorija_path': 'Mali kućni aparati > Usisivači > Ručni usisivači', 'cena': 26990, 'cena_mp_raw': None, 'valuta': 'RSD', 'slika': 'https://images.tehnomedia.rs/i/800x800/products/8434/shark_wv270eu-92a7eb84e2b9-t0.jpg?f=webp', 'dostupan': True, 'energetska_klasa': None, 'specifikacije': {'Snaga': '160 W', 'Kapacitet posude': '0,1 l', 'Punjiva Li-ion baterija': '14,4 V', 'Vreme rada': '15 minuta', 'Vreme punjenja': '3,5 sata', 'Dimenzije': '6,9 x 6,3 x 39 cm', 'Težina': '0,7 kg', 'Boja': 'plava'}, 'karakteristike': ['Shark usisivač WV270EU', 'Shark Premium ručni usisivač', '2 načina usisavanja', 'Baza za punjenje', 'Motorom visoke efikasnosti', 'Duster Crevice Tool četka', 'Multi-Surface Pet Tool četka', 'Pogodan za usisavanje mrvica i suve hrane u kući ili automobilu', 'Posuda za prašinu koja se lako prazni se otvara pritiskom na dugme', 'Filter se može prati i lako ukloniti i očistiti']}
2026-09-12 11:47:24 [scrapy.core.engine] DEBUG: Crawled (200) <GET https://www.tehnomedia.rs/proizvod/shark-iw3612eut> (referer: https://www.tehnomedia.rs/sitemap/products-1.xml)
2026-09-12 11:47:24 [scrapy.core.scraper] DEBUG: Scraped from <200 https://www.tehnomedia.rs/proizvod/shark-iw3612eut>
{'url': 'https://www.tehnomedia.rs/proizvod/shark-iw3612eut', 'izvor': 'tehnomedija.rs', 'product_id': '114648', 'ean': '0622356312448', 'naziv': 'SHARK IW3612EUT', 'opis': 'USISIVAC SHARK IW3612EUT', 'brend': 'SHARK', 'kategorija_path': 'Mali kućni aparati > Usisivači > Štapni usisivači', 'cena': 65990, 'cena_mp_raw': None, 'valuta': 'RSD', 'slika': 'https://images.tehnomedia.rs/i/800x800/products/eb25/shark_iw3612eut-54763605f98b-t0.jpg?f=webp', 'dostupan': True, 'energetska_klasa': None, 'specifikacije': {'Snaga': '240 W', 'Vreme rada': '60 min (ECO režim)', 'Vreme punjenja': '5 sati', 'Kapacitet posude za prašinu': '0,42 l', 'Nivo buke': '82 dB', 'DirtDetect': 'Povećava performanse protiv nevidljive prljavštine.', 'EdgeDetect': 'Udvostručuje snagu usisavanja na ivicama i obezbeđuje besprekorne rezultate.', 'FloorDetect': 'Automatski prilagođava snagu usisavanja različitim tipovima poda.', 'LightDetect': 'osvetljava tamna područja za precizno čišćenje.', 'Dimenzije VxŠxD': '109,2 x 26,4 x 35,3 cm', 'Težina': '3,3 kg', 'Boja': 'bela'}, 'karakteristike': ['Shark usisivač IW3612EUT', 'Štapni akumulatorski usisivač sa automatskim sistemom pražnjenja', 'Napredna tehnologija DirtDetect, detektuje skrivenu prljavštinu i automatski povećava usis za temeljno čišćenje', 'Velika bazna stanica od 2 litra sakuplja prašinu i prljavštinu do 45 dana pre nego što je treba isprazniti', 'Sa tehnologijom protiv mirisa i potpunim zaptivačem protiv alergena', 'Sa specijalno razvijenom podnom mlaznicom QuadClean i tehnologijom Anti Hair Wrap, usisivač ne samo da uklanja grubu i finu prljavštinu, već i tvrdoglavu dlaku kućnih ljubimaca', '3 podešavanja', 'Električna četka pogodna za dlake kućnih ljubimaca', 'LED displej', 'Bazna stanica za punjenje i samopražnjenje zadržava prašinu do 45 dana']}
2026-09-12 11:47:25 [scrapy.core.engine] DEBUG: Crawled (200) <GET https://www.tehnomedia.rs/proizvod/braun-zamenski-nozic-xt20blk> (referer: https://www.tehnomedia.rs/sitemap/products-1.xml)
2026-09-12 11:47:26 [scrapy.core.engine] DEBUG: Crawled (200) <GET https://www.tehnomedia.rs/proizvod/shark-hd352eu-fen-za-kosu---speedstyle--1700w-bela> (referer: https://www.tehnomedia.rs/sitemap/products-1.xml)
2026-09-12 11:47:27 [scrapy.core.engine] DEBUG: Crawled (200) <GET https://www.tehnomedia.rs/proizvod/shark-hd334eu-fen-za-kosu---speedstyle--1700w--bela> (referer: https://www.tehnomedia.rs/sitemap/products-1.xml)
2026-09-12 11:47:28 [scrapy.core.engine] DEBUG: Crawled (200) <GET https://www.tehnomedia.rs/proizvod/shark-hd333eu--speedstyle--1700w--bela> (referer: https://www.tehnomedia.rs/sitemap/products-1.xml)
2026-09-12 11:47:29 [scrapy.core.engine] DEBUG: Crawled (200) <GET https://www.tehnomedia.rs/proizvod/shark-hd424sleu--1400w--240v--zlatna> (referer: https://www.tehnomedia.rs/sitemap/products-1.xml)
2026-09-12 11:47:30 [scrapy.core.engine] DEBUG: Crawled (200) <GET https://www.tehnomedia.rs/proizvod/logitech-pop-mouse-emoji-graphite-910-007412-bezicni-mis> (referer: https://www.tehnomedia.rs/sitemap/products-1.xml)
2026-09-12 11:47:32 [scrapy.core.engine] DEBUG: Crawled (200) <GET https://www.tehnomedia.rs/proizvod/logitech-pop-mouse-emoji-lila-910-007414-bezicni-mis> (referer: https://www.tehnomedia.rs/sitemap/products-1.xml)
2026-09-12 11:47:33 [scrapy.core.engine] DEBUG: Crawled (200) <GET https://www.tehnomedia.rs/proizvod/logitech-pop-mouse-emoji-beli-910-007411-bezicni-mis> (referer: https://www.tehnomedia.rs/sitemap/products-1.xml)
2026-09-12 11:47:34 [scrapy.core.engine] DEBUG: Crawled (200) <GET https://www.tehnomedia.rs/proizvod/logitech-pop-mouse-emoji-roze-910-007413-bezicni-mis> (referer: https://www.tehnomedia.rs/sitemap/products-1.xml)
2026-09-12 11:47:35 [scrapy.core.engine] DEBUG: Crawled (200) <GET https://www.tehnomedia.rs/proizvod/logitech-pop-icon-keys-graphite-us-bt-920-013071-bezicna-tastatura> (referer: https://www.tehnomedia.rs/sitemap/products-1.xml)
2026-09-12 11:47:36 [scrapy.core.engine] DEBUG: Crawled (200) <GET https://www.tehnomedia.rs/proizvod/logitech-pop-icon-keys-lila-us-bt-920-013074-bezicna-tastatura> (referer: https://www.tehnomedia.rs/sitemap/products-1.xml)
2026-09-12 11:47:37 [scrapy.core.engine] DEBUG: Crawled (200) <GET https://www.tehnomedia.rs/proizvod/samsung-galaxy-s25-12gb-256gb-navy-sm-s931bdbgeuc> (referer: https://www.tehnomedia.rs/sitemap/products-1.xml)
2026-09-12 11:47:39 [scrapy.core.engine] DEBUG: Crawled (200) <GET https://www.tehnomedia.rs/proizvod/gopro-hero13-black-accessory-bundle-chdrb-131-rw> (referer: https://www.tehnomedia.rs/sitemap/products-1.xml)
2026-09-12 11:47:40 [scrapy.core.engine] DEBUG: Crawled (200) <GET https://www.tehnomedia.rs/proizvod/gopro-hero-chdhf-131-eu> (referer: https://www.tehnomedia.rs/sitemap/products-1.xml)
2026-09-12 11:47:42 [scrapy.core.engine] DEBUG: Crawled (200) <GET https://www.tehnomedia.rs/proizvod/gorpo-stativ-max-grip---tripod--max-tronozac-asbhm-002> (referer: https://www.tehnomedia.rs/sitemap/products-1.xml)
2026-09-12 11:47:42 [scrapy.extensions.logstats] INFO: Crawled 386 pages (at 51 pages/min), scraped 21 items (at 15 items/min)
2026-09-12 11:47:43 [scrapy.core.engine] DEBUG: Crawled (200) <GET https://www.tehnomedia.rs/proizvod/gopro-nosac-watherproof-shutter-remote-h10%2C-h11-mini%2C-h11%2C-h12%2C-h13%2C-hero-armte-004-eu> (referer: https://www.tehnomedia.rs/sitemap/products-1.xml)
2026-09-12 11:47:44 [scrapy.core.engine] DEBUG: Crawled (200) <GET https://www.tehnomedia.rs/proizvod/gopro-nosac-extension-pole--waterproof-shutter-remote-agxts-002-eu> (referer: https://www.tehnomedia.rs/sitemap/products-1.xml)
2026-09-12 11:47:46 [scrapy.core.engine] DEBUG: Crawled (200) <GET https://www.tehnomedia.rs/proizvod/electrolux-lkr664166x> (referer: https://www.tehnomedia.rs/sitemap/products-1.xml)
2026-09-12 11:47:46 [scrapy.core.scraper] DEBUG: Scraped from <200 https://www.tehnomedia.rs/proizvod/electrolux-lkr664166x>
{'url': 'https://www.tehnomedia.rs/proizvod/electrolux-lkr664166x', 'izvor': 'tehnomedija.rs', 'product_id': '114597', 'ean': '7333394044798', 'naziv': 'ELECTROLUX LKR664166X', 'opis': 'SPORET ELECTROLUX LKR664166X', 'brend': 'ELECTROLUX', 'kategorija_path': 'Bela tehnika > Šporeti > Staklokeramički šporeti', 'cena': 59999, 'cena_mp_raw': 'MP cena: 69.999,00', 'valuta': 'RSD', 'slika': 'https://images.tehnomedia.rs/i/800x800/products/ca26/electrolux_lkr664166x-2385d0d79403-t0.jpg?f=webp', 'dostupan': True, 'energetska_klasa': 'A', 'specifikacije': {'Boja': 'inox', 'Širina': '60 cm', 'Energetska klasa': 'A', 'Potrošnja energije klasično': '0,84 kWh/cik', 'Potrošnja energije ventilatorski': '0,75 kWh/cik', 'Grejne zone': '4\nleva prednja: 2300 W/210 mm\nleva zadnja: 1200 W/140 mm\ndesna prednja: 1200 W/140 mm\ndesna zadnja: 1800 W/180 mm', 'Tip rerne': 'električna, ventilatorska', 'Zapremina rerne': '58 l', 'Načina grejanja': 'konvektor\nkonvektor + gornji + donji (100°C)\nroštilj + gornji\nroštilj + gornji + ventilator\nhotplate + ventilator\ngornji + donji\ngornji + donji + ventilator\ngornji + ventilator (ECO)', 'Vrsta čišćenja': 'katalitičko', 'Broj stakla u vratima': '2', 'Broj nivoa vodiča': '4', 'Dimenzije (ŠxVxD)': '600 x 858 x 600 mm'}, 'karakteristike': ['Electrolux šporet LKR664166X', 'Električni šporet sa staklokeramičkom pločom', 'Indikator preostale topline', 'Tajmer', 'SteamBake funkcija', 'Osvetljenje rerne']}
2026-09-12 11:47:47 [scrapy.core.engine] DEBUG: Crawled (200) <GET https://www.tehnomedia.rs/proizvod/gopro-set-filtera-nd-filter-4pack-hero13-aendf-001> (referer: https://www.tehnomedia.rs/sitemap/products-1.xml)
2026-09-12 11:47:48 [scrapy.core.engine] DEBUG: Crawled (200) <GET https://www.tehnomedia.rs/proizvod/logitech-pop-icon-keys---bela---us-bt-920-013072-bezicna-tastatura> (referer: https://www.tehnomedia.rs/sitemap/products-1.xml)
2026-09-12 11:47:50 [scrapy.core.engine] DEBUG: Crawled (200) <GET https://www.tehnomedia.rs/proizvod/gopro-drzac-magnetic-latch-ball-join-mount-hero13-aemag-002> (referer: https://www.tehnomedia.rs/sitemap/products-1.xml)
2026-09-12 11:47:51 [scrapy.core.engine] DEBUG: Crawled (200) <GET https://www.tehnomedia.rs/proizvod/gopro-drzac-gopro-magnetic-latch-mount-hero-aemag-001> (referer: https://www.tehnomedia.rs/sitemap/products-1.xml)
2026-09-12 11:47:52 [scrapy.core.engine] DEBUG: Crawled (200) <GET https://www.tehnomedia.rs/proizvod/logitech-pop-icon-keys---roze-us-bt-920-013073-bezicna-tastatura> (referer: https://www.tehnomedia.rs/sitemap/products-1.xml)
2026-09-12 11:47:53 [scrapy.core.engine] DEBUG: Crawled (200) <GET https://www.tehnomedia.rs/proizvod/gopro-baterija-enduro-2-pack-for-hero13> (referer: https://www.tehnomedia.rs/sitemap/products-1.xml)
2026-09-12 11:47:54 [scrapy.core.engine] DEBUG: Crawled (200) <GET https://www.tehnomedia.rs/proizvod/gopro-baterija-enduro-hero13-black> (referer: https://www.tehnomedia.rs/sitemap/products-1.xml)
2026-09-12 11:47:56 [scrapy.core.engine] DEBUG: Crawled (200) <GET https://www.tehnomedia.rs/proizvod/rowenta-br2520v0> (referer: https://www.tehnomedia.rs/sitemap/products-1.xml)
2026-09-12 11:47:57 [scrapy.core.engine] DEBUG: Crawled (200) <GET https://www.tehnomedia.rs/proizvod/roll-road-camboya-abs-beauty-case-pink> (referer: https://www.tehnomedia.rs/sitemap/products-1.xml)
2026-09-12 11:47:58 [scrapy.core.engine] DEBUG: Crawled (200) <GET https://www.tehnomedia.rs/proizvod/rowenta-ja1015> (referer: https://www.tehnomedia.rs/sitemap/products-1.xml)
2026-09-12 11:47:58 [scrapy.core.scraper] DEBUG: Scraped from <200 https://www.tehnomedia.rs/proizvod/rowenta-ja1015>
{'url': 'https://www.tehnomedia.rs/proizvod/rowenta-ja1015', 'izvor': 'tehnomedija.rs', 'product_id': '114584', 'ean': '3121040091302', 'naziv': 'ROWENTA JA1015', 'opis': 'SPECIJALIZOVAN APARAT ROWENTA JA1015', 'brend': 'ROWENTA', 'kategorija_path': 'Mali kućni aparati > Nega odeće i veša > Šišači džempera', 'cena': 1999, 'cena_mp_raw': None, 'valuta': 'RSD', 'slika': 'https://images.tehnomedia.rs/i/800x800/products/e103/rowenta_ja1015-5c6b829a9f0e-t0.jpg?f=webp', 'dostupan': True, 'energetska_klasa': None, 'specifikacije': {}, 'karakteristike': ['Rowenta šišač tkanina JA1015', 'Aparat za šišanje tkanina', 'Pogodan za uklanjanje sitnih čvorova', 'Demontažni rezervoar za ostatke', 'Ergonomska ručka', 'Podešavanje dužine sečenja', 'Bežična upotreba']}
2026-09-12 11:48:00 [scrapy.core.engine] DEBUG: Crawled (200) <GET https://www.tehnomedia.rs/proizvod/roll-road-camboya-abs-beauty-case-sky-blue> (referer: https://www.tehnomedia.rs/sitemap/products-1.xml)
2026-09-12 11:48:00 [scrapy.core.engine] INFO: Closing spider (closespider_pagecount)
2026-09-12 11:48:01 [scrapy.core.engine] DEBUG: Crawled (200) <GET https://www.tehnomedia.rs/proizvod/roll-road-camboya-abs-beauty-case-crni> (referer: https://www.tehnomedia.rs/sitemap/products-1.xml)
2026-09-12 11:48:02 [scrapy.core.engine] DEBUG: Crawled (200) <GET https://www.tehnomedia.rs/proizvod/denver-mca-240> (referer: https://www.tehnomedia.rs/sitemap/products-1.xml)
2026-09-12 11:48:03 [scrapy.core.engine] DEBUG: Crawled (200) <GET https://www.tehnomedia.rs/proizvod/amica-fk3495-3fwaa> (referer: https://www.tehnomedia.rs/sitemap/products-1.xml)
2026-09-12 11:48:03 [scrapy.core.scraper] DEBUG: Scraped from <200 https://www.tehnomedia.rs/proizvod/amica-fk3495-3fwaa>
{'url': 'https://www.tehnomedia.rs/proizvod/amica-fk3495-3fwaa', 'izvor': 'tehnomedija.rs', 'product_id': '114573', 'ean': '5906006931711', 'naziv': 'AMICA FK3495.3FWAA', 'opis': 'FRIZIDER  AMICA FK3495.3FWAA', 'brend': 'AMICA', 'kategorija_path': 'Bela tehnika > Frižideri > Samostojeći frižideri', 'cena': 109990, 'cena_mp_raw': None, 'valuta': 'RSD', 'slika': 'https://images.tehnomedia.rs/i/800x800/products/fe35/amica_fk3495_3fwaa-ecedc3348eb8-t0.jpg?f=webp', 'dostupan': True, 'energetska_klasa': 'E', 'specifikacije': {'Boja': 'bela', 'Visina': '186,5 cm', 'Širina': '54,5 cm', 'Dubina': '66,8 cm', 'Tehnologija': 'Total NoFrost', 'Ukupna zapremina': '250 l', 'Zapremina frižidera': '180 l', 'Zapremina zamrzivača': '70 l', 'Kapacitet zamrzavanja': '3,2 kg/24 h', 'Čuvanje pri prestanku rada': '9 h', 'Energetska klasa': 'E', 'Potrošnja energije': '219 kWh/god', 'Klimatska klasa': 'SN-ST', 'Nivo buke': '41 dB', 'Akustična klasa': 'C', 'Sredstvo za hlađenje (gas)': 'R600a', 'Kontrola temperature': 'Elektronska, u unutrašnosti frižidera', 'Frižider': 'LED osvetljenje\nstaklene police: 3+1\npolice u vratima: 3\nfioka za voće i povrće: 1', 'Zamrzivač': '3 fioke\nposuda za led', 'Napajanje': '220-240 V/50 Hz', 'Dimenzije ŠxVxD': '545 x 1865 x 668 mm', 'Neto težina': '60,5 kg'}, 'karakteristike': ['Amica frižider FK3495.3FWAA', 'Samostojeći frižider sa zamrzivačem dole', 'VitControl odeljak sa povišenim procentom vlažnosti za čuvanje svežih namirnica', 'Super Cooling – ova funkcija omogoućava brzo hlađenje velike količine namirnica u frižideru', 'Super Freezing – zamrzavanje velike količine namirnica u kratkom vremenskom roku', 'Alarm otvorenih vrata', 'LED osvetljenje']}
2026-09-12 11:48:05 [scrapy.core.engine] DEBUG: Crawled (200) <GET https://www.tehnomedia.rs/proizvod/amica-fk3495-3fraa> (referer: https://www.tehnomedia.rs/sitemap/products-1.xml)
2026-09-12 11:48:05 [scrapy.core.scraper] DEBUG: Scraped from <200 https://www.tehnomedia.rs/proizvod/amica-fk3495-3fraa>
{'url': 'https://www.tehnomedia.rs/proizvod/amica-fk3495-3fraa', 'izvor': 'tehnomedija.rs', 'product_id': '114572', 'ean': '5906006931667', 'naziv': 'AMICA FK3495.3FRAA', 'opis': 'FRIZIDER  AMICA FK3495.3FRAA', 'brend': 'AMICA', 'kategorija_path': 'Bela tehnika > Frižideri > Samostojeći frižideri', 'cena': 109990, 'cena_mp_raw': None, 'valuta': 'RSD', 'slika': 'https://images.tehnomedia.rs/i/800x800/products/94c8/amica_fk3495_3fraa-40d34ab2772b-t0.jpg?f=webp', 'dostupan': True, 'energetska_klasa': 'E', 'specifikacije': {'Boja': 'crvena', 'Visina': '186,5 cm', 'Širina': '54,5 cm', 'Dubina': '66,8 cm', 'Tehnologija': 'Total NoFrost', 'Ukupna zapremina': '250 l', 'Zapremina frižidera': '180 l', 'Zapremina zamrzivača': '70 l', 'Kapacitet zamrzavanja': '3,2 kg/24 h', 'Čuvanje pri prestanku rada': '9 h', 'Energetska klasa': 'E', 'Potrošnja energije': '219 kWh/god', 'Klimatska klasa': 'SN-ST', 'Nivo buke': '41 dB', 'Akustična klasa': 'C', 'Sredstvo za hlađenje (gas)': 'R600a', 'Kontrola temperature': 'Elektronska, u unutrašnosti frižidera', 'Frižider': 'LED osvetljenje\nstaklene police: 3+1\npolice u vratima: 3\nfioka za voće i povrće: 1', 'Zamrzivač': '3 fioke\nposuda za led', 'Napajanje': '220-240 V/50 Hz', 'Dimenzije ŠxVxD': '545 x 1865 x 668 mm', 'Neto težina': '60,5 kg'}, 'karakteristike': ['Amica frižider FK3495.3FRAA', 'Samostojeći frižider sa zamrzivačem dole', 'VitControl odeljak sa povišenim procentom vlažnosti za čuvanje svežih namirnica', 'Super Cooling – ova funkcija omogoućava brzo hlađenje velike količine namirnica u frižideru', 'Super Freezing – zamrzavanje velike količine namirnica u kratkom vremenskom roku', 'Alarm otvorenih vrata', 'LED osvetljenje']}
2026-09-12 11:48:06 [scrapy.core.engine] DEBUG: Crawled (200) <GET https://www.tehnomedia.rs/proizvod/amica-fk3495-3fbaa> (referer: https://www.tehnomedia.rs/sitemap/products-1.xml)
2026-09-12 11:48:06 [scrapy.core.scraper] DEBUG: Scraped from <200 https://www.tehnomedia.rs/proizvod/amica-fk3495-3fbaa>
{'url': 'https://www.tehnomedia.rs/proizvod/amica-fk3495-3fbaa', 'izvor': 'tehnomedija.rs', 'product_id': '114570', 'ean': '5906006931681', 'naziv': 'AMICA FK3495.3FBAA', 'opis': 'FRIZIDER  AMICA FK3495.3FBAA', 'brend': 'AMICA', 'kategorija_path': 'Bela tehnika > Frižideri > Samostojeći frižideri', 'cena': 79990, 'cena_mp_raw': None, 'valuta': 'RSD', 'slika': 'https://images.tehnomedia.rs/i/800x800/products/10a3/amica_fk3495_3fbaa-4fe991086972-t0.jpg?f=webp', 'dostupan': True, 'energetska_klasa': 'E', 'specifikacije': {'Boja': 'crna', 'Visina': '186,5 cm', 'Širina': '54,5 cm', 'Dubina': '66,8 cm', 'Tehnologija': 'Total NoFrost', 'Ukupna zapremina': '250 l', 'Zapremina frižidera': '180 l', 'Zapremina zamrzivača': '70 l', 'Kapacitet zamrzavanja': '3,2 kg/24 h', 'Čuvanje pri prestanku rada': '9 h', 'Energetska klasa': 'E', 'Potrošnja energije': '219 kWh/god', 'Klimatska klasa': 'SN-ST', 'Nivo buke': '41 dB', 'Akustična klasa': 'C', 'Sredstvo za hlađenje (gas)': 'R600a', 'Kontrola temperature': 'Elektronska, u unutrašnosti frižidera', 'Frižider': 'LED osvetljenje\nstaklene police: 3+1\npolice u vratima: 3\nfioka za voće i povrće: 1', 'Zamrzivač': '3 fioke\nposuda za led', 'Napajanje': '220-240 V/50 Hz', 'Dimenzije ŠxVxD': '545 x 1865 x 668 mm', 'Neto težina': '60,5 kg'}, 'karakteristike': ['Amica frižider FK3495.3FBAA', 'Samostojeći frižider sa zamrzivačem dole', 'VitControl odeljak sa povišenim procentom vlažnosti za čuvanje svežih namirnica', 'Super Cooling – ova funkcija omogoućava brzo hlađenje velike količine namirnica u frižideru', 'Super Freezing – zamrzavanje velike količine namirnica u kratkom vremenskom roku', 'Alarm otvorenih vrata', 'LED osvetljenje']}
2026-09-12 11:48:08 [scrapy.core.engine] DEBUG: Crawled (200) <GET https://www.tehnomedia.rs/proizvod/amica-fd280-3fr--e-> (referer: https://www.tehnomedia.rs/sitemap/products-1.xml)
2026-09-12 11:48:08 [scrapy.core.scraper] DEBUG: Scraped from <200 https://www.tehnomedia.rs/proizvod/amica-fd280-3fr--e->
{'url': 'https://www.tehnomedia.rs/proizvod/amica-fd280-3fr--e-', 'izvor': 'tehnomedija.rs', 'product_id': '114567', 'ean': '5906006943523', 'naziv': 'AMICA FD280.3FR (E)', 'opis': 'FRIZIDER  AMICA FD280.3FR (E)', 'brend': 'AMICA', 'kategorija_path': 'Bela tehnika > Frižideri > Samostojeći frižideri', 'cena': 94990, 'cena_mp_raw': None, 'valuta': 'RSD', 'slika': 'https://images.tehnomedia.rs/i/800x800/products/ce8f/amica_fd280_3fr_e-53b1ec0e836f-t0.jpg?f=webp', 'dostupan': False, 'energetska_klasa': 'E', 'specifikacije': {'Boja': 'crvena', 'Visina': '1765 cm', 'Širina': '550 cm', 'Tehnologija': 'Total NoFrost', 'Ukupna zapremina': '255 l', 'Zapremina frižidera': '201 l', 'Zapremina zamrzivača': '54 l', 'Kapacitet zamrzavanja': '2,6 kg/24 h', 'Čuvanje pri prestanku rada': '12 h', 'Energetska klasa': 'E', 'Potrošnja energije': '246 kWh/god', 'Klimatska klasa': 'SN, N, ST, T', 'Nivo buke': '41 dB', 'Sredstvo za hlađenje (gas)': 'R600a', 'Ostalo': None, 'Kontrola temperature': 'Elektronska, u unutrašnosti frižidera', 'Frižider': '4 police\n1 fioka\n3 fioke na vratima', 'Zamrzivač': '2 pregrade\n2 ifoke na vratima', 'Dimenzije V x Š x D': '1765 x 550 x 668 mm', 'Masa': '48 kg'}, 'karakteristike': ['Amica Frižider FD280.3FR (E)', 'Samostojeći frižider sa zamrzivačem gore', 'Super Freezing – zamrzavanje velike količine namirnica u kratkom vremenskom roku', 'Alarm otvorenih vrata', 'LED osvetljenje']}
2026-09-12 11:48:09 [scrapy.core.engine] DEBUG: Crawled (200) <GET https://www.tehnomedia.rs/proizvod/amica-fd280-3fb--e-> (referer: https://www.tehnomedia.rs/sitemap/products-1.xml)
2026-09-12 11:48:09 [scrapy.core.scraper] DEBUG: Scraped from <200 https://www.tehnomedia.rs/proizvod/amica-fd280-3fb--e->
{'url': 'https://www.tehnomedia.rs/proizvod/amica-fd280-3fb--e-', 'izvor': 'tehnomedija.rs', 'product_id': '114564', 'ean': '5906006943547', 'naziv': 'AMICA FD280.3FB (E)', 'opis': 'FRIZIDER  AMICA FD280.3FB (E)', 'brend': 'AMICA', 'kategorija_path': 'Bela tehnika > Frižideri > Samostojeći frižideri', 'cena': 94990, 'cena_mp_raw': None, 'valuta': 'RSD', 'slika': 'https://images.tehnomedia.rs/i/800x800/products/c075/amica_fd280_3fb_e-8313f194cc41-t0.jpg?f=webp', 'dostupan': True, 'energetska_klasa': 'E', 'specifikacije': {'Boja': 'crna', 'Visina': '1765 cm', 'Širina': '550 cm', 'Tehnologija': 'Total NoFrost', 'Ukupna zapremina': '255 l', 'Zapremina frižidera': '201 l', 'Zapremina zamrzivača': '54 l', 'Kapacitet zamrzavanja': '2,6 kg/24 h', 'Energetska klasa': 'E', 'Potrošnja energije': '246 kWh/god', 'Klimatska klasa': 'SN, N, ST, T', 'Nivo buke': '42 dB', 'Kontrola temperature': 'Elektronska, u unutrašnosti frižidera', 'Frižider': '4 police\n1 fioka\n3 fioke na vratima', 'Zamrzivač': '2 pregrade\n2 ifoke na vratima', 'Dimenzije V x Š x D': '1765 x 550 x 668 mm'}, 'karakteristike': ['Amica Frižider FD280.3FB (E)', 'Samostojeći frižider sa zamrzivačem gore', 'Ostalo', 'Super Freezing – zamrzavanje velike količine namirnica u kratkom vremenskom roku', 'Alarm otvorenih vrata', 'LED osvetljenje']}
2026-09-12 11:48:10 [scrapy.core.engine] DEBUG: Crawled (200) <GET https://www.tehnomedia.rs/proizvod/amica-fk2965-3raa> (referer: https://www.tehnomedia.rs/sitemap/products-1.xml)
2026-09-12 11:48:10 [scrapy.core.scraper] DEBUG: Scraped from <200 https://www.tehnomedia.rs/proizvod/amica-fk2965-3raa>
{'url': 'https://www.tehnomedia.rs/proizvod/amica-fk2965-3raa', 'izvor': 'tehnomedija.rs', 'product_id': '114563', 'ean': '5906006712785', 'naziv': 'AMICA FK2965.3RAA', 'opis': 'FRIZIDER  AMICA FK2965.3RAA', 'brend': 'AMICA', 'kategorija_path': 'Bela tehnika > Frižideri > Samostojeći frižideri', 'cena': 74990, 'cena_mp_raw': None, 'valuta': 'RSD', 'slika': 'https://images.tehnomedia.rs/i/800x800/products/2993/amica_fk2965_3raa-a03bb8b1fdcb-t0.jpg?f=webp', 'dostupan': True, 'energetska_klasa': 'E', 'specifikacije': {'Boja': 'crvena', 'Visina': '181 cm', 'Širina': '55 cm', 'Dubina': '61,5 cm', 'Ukupna zapremina': '244 l', 'Zapremina frižidera': '181 l', 'Zapremina zamrzivača': '63 l', 'Kapacitet zamrzavanja': '4 kg/24 h', 'Čuvanje pri prestanku rada': '8 h', 'Energetska klasa': 'E', 'Potrošnja energije': '202 kWh/god', 'Klimatska klasa': 'N-ST', 'Nivo buke': '40 dB', 'Akustična klasa': 'C', 'Sredstvo za hlađenje (gas)': 'R600a', 'Kontrola temperature': 'mehanička', 'Frižider': 'LED osvetljenje\nbroj polica u frižideru: 3\npolice od sigurnosnog stakla\nposuda za voće i povrće: 1\npolice na vratima: 3\ndržač za flaše\npolica za jaja', 'Zamrzivač': 'broj fioka:3\nposuda za led', 'Napajanje': '220-240 V/50 Hz', 'Dimenzije ŠxVxD': '550 x 1810 x 615 mm', 'Neto/bruto težina': '53/59 kg'}, 'karakteristike': ['Amica frižider FK2965.3RAA', 'Samostojeći frižider sa zamrzivačem dole', 'Statički sistem hlađenja u frižideru', 'Automatsko otapanje frižidera', 'Podesivi termostat']}
2026-09-12 11:48:11 [scrapy.core.engine] DEBUG: Crawled (200) <GET https://www.tehnomedia.rs/proizvod/mbs-sd-9-rs-d-braon> (referer: https://www.tehnomedia.rs/sitemap/products-1.xml)
2026-09-12 11:48:12 [scrapy.core.scraper] DEBUG: Scraped from <200 https://www.tehnomedia.rs/proizvod/mbs-sd-9-rs-d-braon>
{'url': 'https://www.tehnomedia.rs/proizvod/mbs-sd-9-rs-d-braon', 'izvor': 'tehnomedija.rs', 'product_id': '114561', 'ean': '8600957724848', 'naziv': 'MBS SD 9 RS D BRAON', 'opis': 'SPORET I PEC NA DRVA I PELET MBS SD 9 RS D BRAON', 'brend': 'MBS', 'kategorija_path': 'Grejanje i hlađenje > Šporeti na čvrsto gorivo > Šporet na drvo i pelet', 'cena': 44399, 'cena_mp_raw': None, 'valuta': 'RSD', 'slika': 'https://images.tehnomedia.rs/i/800x800/products/4ed5/mbs_sd_9_rs_d_braon-623c978ec618-t0.jpg?f=webp', 'dostupan': True, 'energetska_klasa': None, 'specifikacije': {'Vrsta goriva': 'drvo', 'Snaga': '7 kW', 'Površina grejanja': '40 – 45 m2', 'Prečnik odvoda': '120 mm', 'Pozicija odvodne cevi': 'desno', 'Dimenzije ložišta (VxŠxD)': '250 x 200 x 400 mm', 'Dimenzije rerne (VxŠxD)': '200 x 490 x 460 mm', 'Dimenzije (VxŠxD)': '740 x 945 x 645 mm', 'Boja': 'braon'}, 'karakteristike': ['MBS šporet SD 9 RS D BRAON', 'Stepen iskorišćenja od 75%']}
2026-09-12 11:48:13 [scrapy.core.engine] DEBUG: Crawled (200) <GET https://www.tehnomedia.rs/proizvod/amica-fk2965-3gaa> (referer: https://www.tehnomedia.rs/sitemap/products-1.xml)
2026-09-12 11:48:13 [scrapy.core.scraper] DEBUG: Scraped from <200 https://www.tehnomedia.rs/proizvod/amica-fk2965-3gaa>
{'url': 'https://www.tehnomedia.rs/proizvod/amica-fk2965-3gaa', 'izvor': 'tehnomedija.rs', 'product_id': '114560', 'ean': '5906006712792', 'naziv': 'AMICA FK2965.3GAA', 'opis': 'FRIZIDER  AMICA FK2965.3GAA', 'brend': 'AMICA', 'kategorija_path': 'Bela tehnika > Frižideri > Samostojeći frižideri', 'cena': 74990, 'cena_mp_raw': None, 'valuta': 'RSD', 'slika': 'https://images.tehnomedia.rs/i/800x800/products/bee9/amica_fk2965_3gaa-86169a6ba826-t0.jpg?f=webp', 'dostupan': True, 'energetska_klasa': 'E', 'specifikacije': {'Boja': 'bež', 'Visina': '181 cm', 'Širina': '55 cm', 'Dubina': '61,5 cm', 'Ukupna zapremina': '244 l', 'Zapremina frižidera': '181 l', 'Zapremina zamrzivača': '63 l', 'Kapacitet zamrzavanja': '4 kg/24 h', 'Čuvanje pri prestanku rada': '8 h', 'Energetska klasa': 'E', 'Potrošnja energije': '202 kWh/god', 'Klimatska klasa': 'N-ST', 'Nivo buke': '40 dB', 'Akustična klasa': 'C', 'Sredstvo za hlađenje (gas)': 'R600a', 'Kontrola temperature': 'mehanička', 'Frižider': 'LED osvetljenje\nbroj polica u frižideru: 3\npolice od sigurnosnog stakla\nposuda za voće i povrće: 1\npolice na vratima: 3\ndržač za flaše\npolica za jaja', 'Zamrzivač': 'broj fioka:3\nposuda za led', 'Napajanje': '220-240 V/50 Hz', 'Dimenzije ŠxVxD': '550 x 1810 x 615 mm', 'Neto/bruto težina': '53/59 kg'}, 'karakteristike': ['Amica frižider FK2965.3GAA', 'Samostojeći frižider sa zamrzivačem dole', 'Statički sistem hlađenja u frižideru', 'Automatsko otapanje frižidera', 'Podesivi termostat']}
2026-09-12 11:48:13 [scrapy.core.engine] DEBUG: Crawled (200) <GET https://www.tehnomedia.rs/proizvod/amica-kgc15635b> (referer: https://www.tehnomedia.rs/sitemap/products-1.xml)
2026-09-12 11:48:14 [scrapy.core.scraper] DEBUG: Scraped from <200 https://www.tehnomedia.rs/proizvod/amica-kgc15635b>
{'url': 'https://www.tehnomedia.rs/proizvod/amica-kgc15635b', 'izvor': 'tehnomedija.rs', 'product_id': '114558', 'ean': '4040729156356', 'naziv': 'AMICA KGC15635B', 'opis': 'FRIZIDER  AMICA KGC15635B', 'brend': 'AMICA', 'kategorija_path': 'Bela tehnika > Frižideri > Samostojeći frižideri', 'cena': 59990, 'cena_mp_raw': None, 'valuta': 'RSD', 'slika': 'https://images.tehnomedia.rs/i/800x800/products/c2b0/amica_kgc15635b-389daa941a1c-t0.jpg?f=webp', 'dostupan': True, 'energetska_klasa': 'E', 'specifikacije': {'Boja': 'bež', 'Visina': '144 cm', 'Širina': '55 cm', 'Dubina': '61,5 cm', 'Ukupna zapremina': '206 l', 'Zapremina frižidera': '162 l', 'Zapremina zamrzivača': '44 l', 'Kapacitet zamrzavanja': '2,0 kg/24 h', 'Čuvanje pri prestanku rada': '7 h', 'Energetska klasa': 'E', 'Potrošnja energije': '180 kWh/god', 'Klimatska klasa': 'ST', 'Nivo buke': '39 dB', 'Akustična klasa': 'C', 'Sredstvo za hlađenje (gas)': 'R600a', 'Kontrola temperature': 'mehanička', 'Frižider': 'LED osvetljenje\nbroj polica u frižideru: 3\npolice od sigurnosnog stakla\nposuda za voće i povrće: 1\npolice na vratima: 3\npolica za jaja', 'Zamrzivač': 'broj polica: 1\nposuda za led', 'Napajanje': '220-240 V/50 Hz', 'Dimenzije ŠxVxD': '550 x 1440 x 615 mm', 'Neto/bruto težina': '43,5/48,5 kg'}, 'karakteristike': ['Amica frižider KGC15634S', 'Samostojeći frižider sa zamrzivačem gore', 'Statički sistem hlađenja u frižideru', 'Automatsko otapanje frižidera', 'Ručno otapanje komore']}
2026-09-12 11:48:15 [scrapy.core.engine] DEBUG: Crawled (200) <GET https://www.tehnomedia.rs/proizvod/amica-kgc15634s> (referer: https://www.tehnomedia.rs/sitemap/products-1.xml)
2026-09-12 11:48:15 [scrapy.core.scraper] DEBUG: Scraped from <200 https://www.tehnomedia.rs/proizvod/amica-kgc15634s>
{'url': 'https://www.tehnomedia.rs/proizvod/amica-kgc15634s', 'izvor': 'tehnomedija.rs', 'product_id': '114557', 'ean': '4040729156349', 'naziv': 'AMICA KGC15634S', 'opis': 'FRIZIDER  AMICA KGC15634S', 'brend': 'AMICA', 'kategorija_path': 'Bela tehnika > Frižideri > Samostojeći frižideri', 'cena': 59990, 'cena_mp_raw': None, 'valuta': 'RSD', 'slika': 'https://images.tehnomedia.rs/i/800x800/products/90e9/amica_kgc15634s-88d5f9308817-t0.jpg?f=webp', 'dostupan': True, 'energetska_klasa': 'E', 'specifikacije': {'Boja': 'crna', 'Visina': '144 cm', 'Širina': '55 cm', 'Dubina': '61,5 cm', 'Ukupna zapremina': '206 l', 'Zapremina frižidera': '162 l', 'Zapremina zamrzivača': '44 l', 'Kapacitet zamrzavanja': '2,0 kg/24 h', 'Čuvanje pri prestanku rada': '7 h', 'Energetska klasa': 'E', 'Potrošnja energije': '180 kWh/god', 'Klimatska klasa': 'ST', 'Nivo buke': '39 dB', 'Akustična klasa': 'C', 'Sredstvo za hlađenje (gas)': 'R600a', 'Kontrola temperature': 'mehanička', 'Frižider': 'LED osvetljenje\nbroj polica u frižideru: 3\npolice od sigurnosnog stakla\nposuda za voće i povrće: 1\npolice na vratima: 3\npolica za jaja', 'Zamrzivač': 'broj polica: 1\nposuda za led', 'Napajanje': '220-240 V/50 Hz', 'Dimenzije ŠxVxD': '550 x 1440 x 615 mm', 'Neto/bruto težina': '43,5/48,5 kg'}, 'karakteristike': ['Amica frižider KGC15634S', 'Samostojeći frižider sa zamrzivačem gore', 'Statički sistem hlađenja u frižideru', 'Automatsko otapanje frižidera', 'Ručno otapanje komore']}
2026-09-12 11:48:16 [scrapy.core.engine] DEBUG: Crawled (200) <GET https://www.tehnomedia.rs/proizvod/amica-kgc15633y> (referer: https://www.tehnomedia.rs/sitemap/products-1.xml)
2026-09-12 11:48:16 [scrapy.core.scraper] DEBUG: Scraped from <200 https://www.tehnomedia.rs/proizvod/amica-kgc15633y>
{'url': 'https://www.tehnomedia.rs/proizvod/amica-kgc15633y', 'izvor': 'tehnomedija.rs', 'product_id': '114556', 'ean': '4040729156332', 'naziv': 'AMICA KGC15633Y', 'opis': 'FRIZIDER  AMICA KGC15633Y', 'brend': 'AMICA', 'kategorija_path': 'Bela tehnika > Frižideri > Samostojeći frižideri', 'cena': 59990, 'cena_mp_raw': None, 'valuta': 'RSD', 'slika': 'https://images.tehnomedia.rs/i/800x800/products/6193/amica_kgc15633y-f803e8dd20a5-t0.jpg?f=webp', 'dostupan': True, 'energetska_klasa': 'E', 'specifikacije': {'Boja': 'žuta', 'Visina': '144 cm', 'Širina': '55 cm', 'Dubina': '61,5 cm', 'Ukupna zapremina': '206 l', 'Zapremina frižidera': '162 l', 'Zapremina zamrzivača': '44 l', 'Kapacitet zamrzavanja': '2,0 kg/24 h', 'Čuvanje pri prestanku rada': '7 h', 'Energetska klasa': 'E', 'Potrošnja energije': '180 kWh/god', 'Klimatska klasa': 'ST', 'Nivo buke': '39 dB', 'Akustična klasa': 'C', 'Sredstvo za hlađenje (gas)': 'R600a', 'Kontrola temperature': 'mehanička', 'Frižider': 'LED osvetljenje\nbroj polica u frižideru: 3\npolice od sigurnosnog stakla\nposuda za voće i povrće: 1\npolice na vratima: 3\npolica za jaja', 'Zamrzivač': 'broj polica: 1\nposuda za led', 'Napajanje': '220-240 V/50 Hz', 'Dimenzije ŠxVxD': '550 x 1440 x 615 mm', 'Neto/bruto težina': '43,5/48,5 kg'}, 'karakteristike': ['Amica frižider KGC15633Y', 'Samostojeći frižider sa zamrzivačem gore', 'Statički sistem hlađenja u frižideru', 'Automatsko otapanje frižidera', 'Ručno otapanje komore']}
2026-09-12 11:48:17 [scrapy.core.engine] DEBUG: Crawled (200) <GET https://www.tehnomedia.rs/proizvod/amica-kgc15632t> (referer: https://www.tehnomedia.rs/sitemap/products-1.xml)
2026-09-12 11:48:17 [scrapy.core.scraper] DEBUG: Scraped from <200 https://www.tehnomedia.rs/proizvod/amica-kgc15632t>
{'url': 'https://www.tehnomedia.rs/proizvod/amica-kgc15632t', 'izvor': 'tehnomedija.rs', 'product_id': '114555', 'ean': '4040729156325', 'naziv': 'AMICA KGC15632T', 'opis': 'FRIZIDER  AMICA KGC15632T', 'brend': 'AMICA', 'kategorija_path': 'Bela tehnika > Frižideri > Samostojeći frižideri', 'cena': 59990, 'cena_mp_raw': None, 'valuta': 'RSD', 'slika': 'https://images.tehnomedia.rs/i/800x800/products/4a30/amica_kgc15632t-3e775a774974-t0.jpg?f=webp', 'dostupan': True, 'energetska_klasa': 'E', 'specifikacije': {'Boja': 'tirkizna', 'Visina': '144 cm', 'Širina': '55 cm', 'Dubina': '61,5 cm', 'Ukupna zapremina': '206 l', 'Zapremina frižidera': '162 l', 'Zapremina zamrzivača': '44 l', 'Kapacitet zamrzavanja': '2,0 kg/24 h', 'Čuvanje pri prestanku rada': '7 h', 'Energetska klasa': 'E', 'Potrošnja energije': '180 kWh/god', 'Klimatska klasa': 'ST', 'Nivo buke': '39 dB', 'Akustična klasa': 'C', 'Sredstvo za hlađenje (gas)': 'R600a', 'Kontrola temperature': 'mehanička', 'Frižider': 'LED osvetljenje\nbroj polica u frižideru: 3\npolice od sigurnosnog stakla\nposuda za voće i povrće: 1\npolice na vratima: 3\npolica za jaja', 'Zamrzivač': 'broj polica: 1\nposuda za led', 'Napajanje': '220-240 V/50 Hz', 'Dimenzije ŠxVxD': '550 x 1440 x 615 mm', 'Neto/bruto težina': '43,5/48,5 kg'}, 'karakteristike': ['Amica frižider KGC15631R', 'Samostojeći frižider sa zamrzivačem gore', 'Statički sistem hlađenja u frižideru', 'Automatsko otapanje frižidera', 'Ručno otapanje komore']}
2026-09-12 11:48:18 [scrapy.core.engine] DEBUG: Crawled (200) <GET https://www.tehnomedia.rs/proizvod/amica-kgc15631r> (referer: https://www.tehnomedia.rs/sitemap/products-1.xml)
2026-09-12 11:48:19 [scrapy.core.scraper] DEBUG: Scraped from <200 https://www.tehnomedia.rs/proizvod/amica-kgc15631r>
{'url': 'https://www.tehnomedia.rs/proizvod/amica-kgc15631r', 'izvor': 'tehnomedija.rs', 'product_id': '114554', 'ean': '4040729156318', 'naziv': 'AMICA KGC15631R', 'opis': 'FRIZIDER  AMICA KGC15631R', 'brend': 'AMICA', 'kategorija_path': 'Bela tehnika > Frižideri > Samostojeći frižideri', 'cena': 59990, 'cena_mp_raw': None, 'valuta': 'RSD', 'slika': 'https://images.tehnomedia.rs/i/800x800/products/bd67/amica_kgc15631r-0d40eebf742e-t0.jpg?f=webp', 'dostupan': True, 'energetska_klasa': 'E', 'specifikacije': {'Boja': 'bordo', 'Visina': '144 cm', 'Širina': '55 cm', 'Dubina': '61,5 cm', 'Ukupna zapremina': '206 l', 'Zapremina frižidera': '162 l', 'Zapremina zamrzivača': '44 l', 'Kapacitet zamrzavanja': '2,0 kg/24 h', 'Čuvanje pri prestanku rada': '7 h', 'Energetska klasa': 'E', 'Potrošnja energije': '180 kWh/god', 'Klimatska klasa': 'ST', 'Nivo buke': '39 dB', 'Akustična klasa': 'C', 'Sredstvo za hlađenje (gas)': 'R600a', 'Kontrola temperature': 'mehanička', 'Frižider': 'LED osvetljenje\nbroj polica u frižideru: 3\npolice od sigurnosnog stakla\nposuda za voće i povrće: 1\npolice na vratima: 3\npolica za jaja', 'Zamrzivač': 'broj polica: 1\nposuda za led', 'Napajanje': '220-240 V/50 Hz', 'Dimenzije ŠxVxD': '550 x 1440 x 615 mm', 'Neto/bruto težina': '43,5/48,5 kg'}, 'karakteristike': ['Amica frižider KGC15631R', 'Samostojeći frižider sa zamrzivačem gore', 'Statički sistem hlađenja u frižideru', 'Automatsko otapanje frižidera']}
2026-09-12 11:48:19 [scrapy.extensions.feedexport] INFO: Stored jsonl feed (36 items) in: provera\provera.jsonl
2026-09-12 11:48:19 [scrapy.statscollectors] INFO: Dumping Scrapy stats:
{'downloader/request_bytes': 155294,
 'downloader/request_count': 415,
 'downloader/request_method_count/GET': 415,
 'downloader/response_bytes': 22059743,
 'downloader/response_count': 415,
 'downloader/response_status_count/200': 415,
 'dupefilter/filtered': 31,
 'elapsed_time_seconds': 516.7912155999802,
 'feedexport/success_count/FileFeedStorage': 1,
 'finish_reason': 'closespider_pagecount',
 'finish_time': datetime.datetime(2026, 9, 12, 9, 48, 19, 41175, tzinfo=datetime.timezone.utc),
 'httpcache/firsthand': 415,
 'httpcache/miss': 415,
 'httpcache/store': 415,
 'httpcompression/response_bytes': 236805021,
 'httpcompression/response_count': 415,
 'item_scraped_count': 36,
 'items_per_minute': 4.186046511627907,
 'log_count/DEBUG': 453,
 'log_count/INFO': 11,
 'request_depth_max': 2,
 'response_received_count': 415,
 'responses_per_minute': 48.25581395348837,
 'robotstxt/request_count': 1,
 'robotstxt/response_count': 1,
 'robotstxt/response_status_count/200': 1,
 'scheduler/dequeued': 414,
 'scheduler/dequeued/memory': 414,
 'scheduler/enqueued': 21713,
 'scheduler/enqueued/memory': 21713,
 'start_time': datetime.datetime(2026, 9, 12, 9, 39, 42, 249961, tzinfo=datetime.timezone.utc)}
2026-09-12 11:48:19 [scrapy.core.engine] INFO: Spider closed (closespider_pagecount)
